[
  {
    "first_name": "Ariel",
    "message": "How are you today?",
    "send_at": "2022-05-23T16:54:03Z",
    "send_message": "Quercus gravesii Sudw.",
    "receive_message": "Egyptian cobra",
    "from_me": true
  },
  {
    "first_name": "Julian",
    "message": "Hey! a reminder for tomorrow's meeting",
    "send_at": "2022-11-06T07:56:15Z",
    "send_message": "Cardamine nuttallii Greene",
    "receive_message": "Carpet snake",
    "from_me": false
  },
  {
    "first_name": "Susi",
    "message": "Are we going to have this week's planing meeting today?",
    "send_at": "2022-06-10T10:01:28Z",
    "send_message": "Artemisia campestris L.",
    "receive_message": "Red-capped cardinal",
    "from_me": true
  },
  {
    "first_name": "Felic",
    "message": "Please check these design assets",
    "send_at": "2022-01-22T02:50:09Z",
    "send_message": "Balsamorhiza sagittata (Pursh) Nutt.",
    "receive_message": "Monkey, red howler",
    "from_me": false
  },
  {
    "first_name": "Sergio",
    "message": "Are you free for 15 min? I would like to discuss something",
    "send_at": "2022-06-24T03:05:13Z",
    "send_message": "Acacia angustissima (Mill.) Kuntze",
    "receive_message": "Bandicoot, southern brown",
    "from_me": true
  },
  {
    "first_name": "Megan",
    "message": "Lets have meeting today between me, you and tony",
    "send_at": "2023-02-20T02:42:44Z",
    "send_message": "Eriogonum prattenianum Durand var. avium Reveal & Shevock",
    "receive_message": "Common duiker",
    "from_me": false
  },
  {
    "first_name": "Gualterio",
    "message": "Are you interesting in learning",
    "send_at": "2023-01-02T04:11:13Z",
    "send_message": "Trillium decumbens Harbison",
    "receive_message": "Desert spiny lizard",
    "from_me": true
  },
  {
    "first_name": "Avigdor",
    "message": "Howdy?",
    "send_at": "2023-03-13T20:54:44Z",
    "send_message": "Pogogyne douglasii Benth. ssp. douglasii",
    "receive_message": "Tortoise, indian star",
    "from_me": false
  },
  {
    "first_name": "Hiram",
    "message": "Please Check this design",
    "send_at": "2022-07-09T21:14:30Z",
    "send_message": "Muehlenbeckia axillaris (Hook. f.) Walp.",
    "receive_message": "Red-capped cardinal",
    "from_me": true
  },
  {
    "first_name": "Kailey",
    "message": "Hi, How are you? What about our next meeting?",
    "send_at": "2023-01-11T19:35:57Z",
    "send_message": "Sulcaria Bystrek",
    "receive_message": "Mexican wolf",
    "from_me": false
  },
  {
    "first_name": "Norman",
    "message": "Let's have it today if you are free",
    "send_at": "2022-12-13T19:06:09Z",
    "send_message": "Setaria rariflora Mikan ex Trin.",
    "receive_message": "Bee-eater, carmine",
    "from_me": true
  },
  {
    "first_name": "Tamqrah",
    "message": "Sure thing! let me know if 2pm works for you",
    "send_at": "2022-02-07T02:45:32Z",
    "send_message": "Erechtites minimus (Poir.) DC.",
    "receive_message": "Striped skunk",
    "from_me": false
  },
  {
    "first_name": "Alano",
    "message": "Yeah everything is fine",
    "send_at": "2022-07-15T16:35:19Z",
    "send_message": "Manihot angustiloba (Torr.) Müll. Arg.",
    "receive_message": "Sea birds (unidentified)",
    "from_me": true
  },
  {
    "first_name": "Mattheus",
    "message": "Mendota",
    "send_at": "2023-04-23T22:43:50Z",
    "send_message": "Gliricidia sepium (Jacq.) Kunth ex Walp.",
    "receive_message": "Red-billed toucan",
    "from_me": false
  },
  {
    "first_name": "Marita",
    "message": "Fairfield",
    "send_at": "2022-12-10T17:03:58Z",
    "send_message": "Kobresia sibirica (Turcz. ex Ledeb.) Boeckeler",
    "receive_message": "Otter, north american river",
    "from_me": true
  },
  {
    "first_name": "Paquito",
    "message": "Gina",
    "send_at": "2022-12-26T05:10:59Z",
    "send_message": "Premna obtusifolia R. Br.",
    "receive_message": "Hen, sage",
    "from_me": false
  },
  {
    "first_name": "Stavro",
    "message": "Anhalt",
    "send_at": "2022-04-24T17:40:03Z",
    "send_message": "Trifolium eriosphaerum Boiss.",
    "receive_message": "Cuis",
    "from_me": true
  },
  {
    "first_name": "Agnese",
    "message": "Mayer",
    "send_at": "2022-02-03T19:29:26Z",
    "send_message": "Leptocoryphium Nees",
    "receive_message": "Tortoise, desert",
    "from_me": false
  },
  {
    "first_name": "Yulma",
    "message": "Thompson",
    "send_at": "2022-02-19T11:41:10Z",
    "send_message": "Oxytheca parishii Parry var. cienegensis Ertter",
    "receive_message": "Southern screamer",
    "from_me": true
  },
  {
    "first_name": "Marillin",
    "message": "Dixon",
    "send_at": "2022-01-14T06:54:28Z",
    "send_message": "Hemizonia congesta DC.",
    "receive_message": "Hottentot teal",
    "from_me": false
  },
  {
    "first_name": "Ada",
    "message": "Dahle",
    "send_at": "2022-08-22T00:15:19Z",
    "send_message": "Arthonia subminutissima Nyl.",
    "receive_message": "Common duiker",
    "from_me": true
  },
  {
    "first_name": "Mureil",
    "message": "Clyde Gallagher",
    "send_at": "2022-11-27T02:02:17Z",
    "send_message": "Acacia victoriae Benth.",
    "receive_message": "Dusky rattlesnake",
    "from_me": false
  },
  {
    "first_name": "Wrennie",
    "message": "Sugar",
    "send_at": "2022-07-10T12:59:40Z",
    "send_message": "Dodecatheon dentatum Hook. ssp. ellisiae (Standl.) H.J. Thomp.",
    "receive_message": "Two-toed sloth",
    "from_me": true
  },
  {
    "first_name": "Ronda",
    "message": "Kipling",
    "send_at": "2023-02-14T06:03:46Z",
    "send_message": "Bryohaplocladium angustifolium (Hampe & Müll. Hal.) R. Watan. & Z. Iwats.",
    "receive_message": "Cat, jungle",
    "from_me": false
  },
  {
    "first_name": "Kary",
    "message": "Lyons",
    "send_at": "2022-05-05T09:14:28Z",
    "send_message": "Symphyotrichum priceae (Britton) G.L. Nesom",
    "receive_message": "Coatimundi, ring-tailed",
    "from_me": true
  },
  {
    "first_name": "Kristan",
    "message": "Russell",
    "send_at": "2022-12-29T23:05:41Z",
    "send_message": "Epipterygium Lindb.",
    "receive_message": "Mongoose, banded",
    "from_me": false
  },
  {
    "first_name": "Teddie",
    "message": "Brickson Park",
    "send_at": "2023-05-10T01:28:27Z",
    "send_message": "Lupinus caudatus Kellogg",
    "receive_message": "African ground squirrel (unidentified)",
    "from_me": true
  },
  {
    "first_name": "Lind",
    "message": "Bay",
    "send_at": "2022-03-30T19:33:05Z",
    "send_message": "Acacia glauca (L.) Moench",
    "receive_message": "Reindeer",
    "from_me": false
  },
  {
    "first_name": "Barnebas",
    "message": "Autumn Leaf",
    "send_at": "2022-05-17T01:54:37Z",
    "send_message": "Jepsonia Small",
    "receive_message": "Malleefowl"
  },
  {
    "first_name": "Kate",
    "message": "Manufacturers",
    "send_at": "2022-06-14T12:58:07Z",
    "send_message": "Liriodendron tulipifera L.",
    "receive_message": "Starling, greater blue-eared"
  },
  {
    "first_name": "Rolando",
    "message": "Milwaukee",
    "send_at": "2022-07-09T21:15:36Z",
    "send_message": "Selaginella krugii Hieron.",
    "receive_message": "Eagle, pallas's fish"
  },
  {
    "first_name": "Chancey",
    "message": "Sycamore",
    "send_at": "2022-06-26T22:33:41Z",
    "send_message": "Oldenlandia salzmannii (DC.) Benth. & Hook. f. ex B.D. Jacks.",
    "receive_message": "Marabou stork"
  },
  {
    "first_name": "Madelyn",
    "message": "Scott",
    "send_at": "2023-01-10T19:09:07Z",
    "send_message": "Eriophorum brachyantherum Trautv. & C.A. Mey.",
    "receive_message": "Asiatic jackal"
  },
  {
    "first_name": "Bernete",
    "message": "8th",
    "send_at": "2023-05-16T19:44:42Z",
    "send_message": "Puccinellia maritima (Huds.) Parl.",
    "receive_message": "Chipmunk, least"
  },
  {
    "first_name": "Dulcea",
    "message": "Harbort",
    "send_at": "2022-11-09T15:57:12Z",
    "send_message": "Morella faya (Aiton) Wilbur",
    "receive_message": "Grey mouse lemur"
  },
  {
    "first_name": "Cristine",
    "message": "Dakota",
    "send_at": "2022-04-30T18:57:35Z",
    "send_message": "Psora icterica (Mont.) Müll. Arg.",
    "receive_message": "Miner's cat"
  },
  {
    "first_name": "Tad",
    "message": "Katie",
    "send_at": "2023-04-29T09:21:36Z",
    "send_message": "Hexastylis lewisii (Fernald) Blomquist & Oosting",
    "receive_message": "Dove, ring"
  },
  {
    "first_name": "Ninette",
    "message": "Morning",
    "send_at": "2022-04-13T07:49:37Z",
    "send_message": "Aquilegia chrysantha A. Gray var. hinckleyana (Munz) Lott",
    "receive_message": "Red-legged pademelon"
  },
  {
    "first_name": "Rosalia",
    "message": "Petterle",
    "send_at": "2023-05-05T12:35:11Z",
    "send_message": "Sphenopholis ×pallens (Biehler) Scribn. (pro sp.)",
    "receive_message": "Brocket, red"
  },
  {
    "first_name": "Emery",
    "message": "Sullivan",
    "send_at": "2022-03-24T12:02:19Z",
    "send_message": "Mertensia maritima (L.) Gray var. maritima",
    "receive_message": "Defassa waterbuck"
  },
  {
    "first_name": "Marabel",
    "message": "Marcy",
    "send_at": "2022-07-23T06:46:41Z",
    "send_message": "Parmotrema internexum (Nyl.) Hale",
    "receive_message": "Tree porcupine"
  },
  {
    "first_name": "Munmro",
    "message": "Browning",
    "send_at": "2022-09-22T14:56:21Z",
    "send_message": "Schismatomma rappii (Zahlbr.) R.C. Harris",
    "receive_message": "Crow, house"
  },
  {
    "first_name": "Coriss",
    "message": "Thierer",
    "send_at": "2022-03-16T15:59:25Z",
    "send_message": "Dillenia L.",
    "receive_message": "Shrike, southern white-crowned"
  },
  {
    "first_name": "Jervis",
    "message": "Red Cloud",
    "send_at": "2022-01-07T16:43:01Z",
    "send_message": "Xylorhiza cognata (H.M. Hall) T.J. Watson",
    "receive_message": "Bison, american"
  },
  {
    "first_name": "Thaddeus",
    "message": "Buhler",
    "send_at": "2022-11-30T00:03:00Z",
    "send_message": "Lobaria oregana (Tuck.) Müll. Arg.",
    "receive_message": "Topi"
  },
  {
    "first_name": "Alfi",
    "message": "Luster",
    "send_at": "2023-03-14T12:00:15Z",
    "send_message": "Circaea alpina L. ssp. alpina",
    "receive_message": "Fox, crab-eating"
  },
  {
    "first_name": "Salem",
    "message": "Northland",
    "send_at": "2022-03-29T15:21:27Z",
    "send_message": "Ranunculus pacificus (Hultén) L.D. Benson",
    "receive_message": "Sidewinder"
  },
  {
    "first_name": "Silas",
    "message": "Saint Paul",
    "send_at": "2022-04-10T10:57:10Z",
    "send_message": "Ranunculus inamoenus Greene var. alpeophilus (A. Nelson) L.D. Benson",
    "receive_message": "Helmeted guinea fowl"
  },
  {
    "first_name": "Milty",
    "message": "Hauk",
    "send_at": "2022-12-11T11:48:07Z",
    "send_message": "Corticifraga D. Hawksw. & R. Sant.",
    "receive_message": "Creeper, black-tailed tree"
  },
  {
    "first_name": "Robena",
    "message": "Harper",
    "send_at": "2023-03-06T17:03:18Z",
    "send_message": "Wolffia borealis (Engelm. ex Hegelm.) Landolt ex Landolt & Wildi",
    "receive_message": "Javan gold-spotted mongoose"
  },
  {
    "first_name": "Aldric",
    "message": "Warrior",
    "send_at": "2022-06-22T17:04:23Z",
    "send_message": "Leptosiphon filipes (Benth.) J.M. Porter & L.A. Johnson",
    "receive_message": "Black-faced kangaroo"
  },
  {
    "first_name": "Sigismund",
    "message": "Rockefeller",
    "send_at": "2022-06-20T19:41:57Z",
    "send_message": "Primula eximia Greene",
    "receive_message": "Cormorant, large"
  },
  {
    "first_name": "Kelcy",
    "message": "Killdeer",
    "send_at": "2022-02-24T06:07:16Z",
    "send_message": "Escobaria vivipara (Nutt.) Buxbaum var. kaibabensis (P.C. Fisch.) N.P. Taylor",
    "receive_message": "Duiker, gray"
  },
  {
    "first_name": "Fernande",
    "message": "Hooker",
    "send_at": "2022-07-28T05:31:35Z",
    "send_message": "Margaritaria L. f.",
    "receive_message": "Sparrow, house"
  },
  {
    "first_name": "Wilhelmine",
    "message": "Farmco",
    "send_at": "2022-08-03T08:21:32Z",
    "send_message": "Podistera yukonensis Mathias & Constance",
    "receive_message": "Wambenger, red-tailed"
  },
  {
    "first_name": "Barbabra",
    "message": "Southridge",
    "send_at": "2023-03-03T08:35:04Z",
    "send_message": "Sisymbrium officinale (L.) Scop.",
    "receive_message": "Lesser double-collared sunbird"
  },
  {
    "first_name": "Gabbie",
    "message": "Montana",
    "send_at": "2023-03-24T03:20:04Z",
    "send_message": "Scleropodium californica (Lesq.) Kindb.",
    "receive_message": "Glossy starling (unidentified)"
  },
  {
    "first_name": "Ric",
    "message": "Fisk",
    "send_at": "2023-03-09T09:43:16Z",
    "send_message": "Muhlenbergia expansa (Poir.) Trin.",
    "receive_message": "Cormorant, king"
  },
  {
    "first_name": "Feodor",
    "message": "Grim",
    "send_at": "2022-10-13T10:56:01Z",
    "send_message": "Justicia adhatoda L.",
    "receive_message": "Spoonbill, european"
  },
  {
    "first_name": "Benita",
    "message": "Merry",
    "send_at": "2022-03-24T10:11:15Z",
    "send_message": "Coprosma ×molokaiensis H. St. John (pro sp.)",
    "receive_message": "Lesser mouse lemur"
  },
  {
    "first_name": "Jolie",
    "message": "Bobwhite",
    "send_at": "2023-03-19T06:37:34Z",
    "send_message": "Turgenia Hoffm.",
    "receive_message": "Little cormorant"
  },
  {
    "first_name": "Armando",
    "message": "Bellgrove",
    "send_at": "2022-06-29T09:40:38Z",
    "send_message": "Alopecurus L.",
    "receive_message": "Groundhog"
  },
  {
    "first_name": "Locke",
    "message": "Bunker Hill",
    "send_at": "2023-02-16T01:41:34Z",
    "send_message": "Muhlenbergia mexicana (L.) Trin.",
    "receive_message": "Stilt, black-winged"
  },
  {
    "first_name": "Adel",
    "message": "Crownhardt",
    "send_at": "2022-03-23T19:10:36Z",
    "send_message": "Erigeron eatonii A. Gray var. nevadincola (S.F. Blake) G.L. Nesom",
    "receive_message": "Common eland"
  },
  {
    "first_name": "Austen",
    "message": "Vernon",
    "send_at": "2023-02-03T17:57:14Z",
    "send_message": "Hemizonia lobbii Greene",
    "receive_message": "Dove, mourning collared"
  },
  {
    "first_name": "Holt",
    "message": "Onsgard",
    "send_at": "2022-12-13T10:29:40Z",
    "send_message": "Eubrachion ambiguum (Hook. & Arn.) Engl.",
    "receive_message": "Lion, mountain"
  },
  {
    "first_name": "Jelene",
    "message": "Macpherson",
    "send_at": "2022-03-12T22:42:41Z",
    "send_message": "Daltonia Hook. & Taylor",
    "receive_message": "Asiatic wild ass"
  },
  {
    "first_name": "Inness",
    "message": "Independence",
    "send_at": "2023-02-14T06:26:17Z",
    "send_message": "Portulaca quadrifida L.",
    "receive_message": "Fairy penguin"
  },
  {
    "first_name": "Randa",
    "message": "Garrison",
    "send_at": "2022-03-31T20:26:53Z",
    "send_message": "Boerhavia erecta L.",
    "receive_message": "Eurasian beaver"
  },
  {
    "first_name": "Kellina",
    "message": "Hoard",
    "send_at": "2022-02-05T10:15:36Z",
    "send_message": "Chrysothamnus baileyi Wooton & Standl.",
    "receive_message": "Ox, musk"
  },
  {
    "first_name": "Kirstin",
    "message": "Pine View",
    "send_at": "2022-04-19T14:40:26Z",
    "send_message": "Verbena ×illicita Moldenke",
    "receive_message": "Gazelle, grant's"
  },
  {
    "first_name": "Lisha",
    "message": "Moulton",
    "send_at": "2022-04-01T10:24:49Z",
    "send_message": "Trypethelium virens Tuck. ex Michener",
    "receive_message": "Black-faced kangaroo"
  },
  {
    "first_name": "Edythe",
    "message": "Farwell",
    "send_at": "2022-11-16T15:21:00Z",
    "send_message": "Muhlenbergia capillaris (Lam.) Trin.",
    "receive_message": "Cockatoo, red-breasted"
  },
  {
    "first_name": "Urban",
    "message": "Kedzie",
    "send_at": "2022-05-19T09:21:52Z",
    "send_message": "Chloris gayana Kunth",
    "receive_message": "Bird, magnificent frigate"
  },
  {
    "first_name": "Tasia",
    "message": "East",
    "send_at": "2022-03-29T13:55:01Z",
    "send_message": "Dioscorea convolvulacea Cham. & Schltdl.",
    "receive_message": "Fat-tailed dunnart"
  },
  {
    "first_name": "Antonius",
    "message": "Prairieview",
    "send_at": "2023-03-06T00:17:59Z",
    "send_message": "Krigia virginica (L.) Willd.",
    "receive_message": "Common palm civet"
  },
  {
    "first_name": "Harrison",
    "message": "Anthes",
    "send_at": "2022-05-11T01:38:36Z",
    "send_message": "Dioclea hexandra (Ralph) Mabberley",
    "receive_message": "Baboon, gelada"
  },
  {
    "first_name": "Mitchel",
    "message": "Coleman",
    "send_at": "2022-12-15T17:08:13Z",
    "send_message": "Calamagrostis lapponica (Wahlenb.) Hartm.",
    "receive_message": "Kafue flats lechwe"
  },
  {
    "first_name": "Amii",
    "message": "Forest Dale",
    "send_at": "2023-02-11T04:42:09Z",
    "send_message": "Eriogonum jamesii Benth. var. rupicola Reveal",
    "receive_message": "Whale, baleen"
  },
  {
    "first_name": "Leta",
    "message": "Steensland",
    "send_at": "2022-04-28T05:31:05Z",
    "send_message": "Funastrum Fourn.",
    "receive_message": "Deer, black-tailed"
  },
  {
    "first_name": "Abraham",
    "message": "Hauk",
    "send_at": "2022-02-11T23:33:43Z",
    "send_message": "Leymus mollis (Trin.) Pilg. ssp. villosissimus (Scribn.) Á. Löve",
    "receive_message": "Woodcock, american"
  },
  {
    "first_name": "Heather",
    "message": "Huxley",
    "send_at": "2022-03-29T01:12:34Z",
    "send_message": "Chaerophyllum tainturieri Hook. var. dasycarpum Hook. ex S. Watson",
    "receive_message": "Cormorant, neotropic"
  },
  {
    "first_name": "Frannie",
    "message": "Ludington",
    "send_at": "2022-07-21T03:02:27Z",
    "send_message": "Galium obtusum Bigelow ssp. obtusum",
    "receive_message": "Barking gecko"
  },
  {
    "first_name": "Trixi",
    "message": "Nelson",
    "send_at": "2022-06-13T04:38:11Z",
    "send_message": "Astragalus pictiformis Barneby",
    "receive_message": "Red phalarope"
  },
  {
    "first_name": "Tommie",
    "message": "Hintze",
    "send_at": "2022-06-22T02:32:26Z",
    "send_message": "Anthurium scandens (Aubl.) Engl.",
    "receive_message": "Ibis, puna"
  },
  {
    "first_name": "Wenda",
    "message": "Forest Run",
    "send_at": "2022-01-21T12:39:15Z",
    "send_message": "Glyceria septentrionalis Hitchc.",
    "receive_message": "Finch, common melba"
  },
  {
    "first_name": "Christye",
    "message": "Goodland",
    "send_at": "2022-03-06T21:35:20Z",
    "send_message": "Lesquerella mcvaughiana Rollins",
    "receive_message": "Common zebra"
  },
  {
    "first_name": "Rochell",
    "message": "Debs",
    "send_at": "2022-01-14T09:22:32Z",
    "send_message": "Caloplaca jungermanniae (Vahl) Th. Fr.",
    "receive_message": "Snake, eastern indigo"
  },
  {
    "first_name": "Rolph",
    "message": "Maryland",
    "send_at": "2023-05-10T07:42:07Z",
    "send_message": "Tragopogon porrifolius L.",
    "receive_message": "Denham's bustard"
  },
  {
    "first_name": "Ginevra",
    "message": "Blue Bill Park",
    "send_at": "2022-11-23T16:46:13Z",
    "send_message": "Sedum reflexum L.",
    "receive_message": "Bulbul, black-fronted"
  },
  {
    "first_name": "Deane",
    "message": "Reinke",
    "send_at": "2022-05-24T05:20:09Z",
    "send_message": "Anacyclus L.",
    "receive_message": "Moose"
  },
  {
    "first_name": "Reggie",
    "message": "Warrior",
    "send_at": "2022-07-14T11:33:10Z",
    "send_message": "Senecio sacramentanus Wooton & Standl.",
    "receive_message": "Beaver, american"
  },
  {
    "first_name": "Bax",
    "message": "Grasskamp",
    "send_at": "2022-10-25T21:59:09Z",
    "send_message": "Lewisia columbiana (Howell ex A. Gray) B.L. Rob. var. columbiana",
    "receive_message": "Common long-nosed armadillo"
  },
  {
    "first_name": "Johnathan",
    "message": "3rd",
    "send_at": "2023-03-05T21:42:08Z",
    "send_message": "Machaerina mariscoides (Gaudich.) J. Kern ssp. meyenii (Kunth) T. Koyama",
    "receive_message": "Boa, malagasy ground"
  },
  {
    "first_name": "Enid",
    "message": "Atwood",
    "send_at": "2022-10-13T12:47:59Z",
    "send_message": "Sapindus saponaria L. var. saponaria",
    "receive_message": "Bird, bare-faced go away"
  },
  {
    "first_name": "Shirlene",
    "message": "Bultman",
    "send_at": "2022-03-18T01:12:19Z",
    "send_message": "Camissonia claviformis (Torr. & Frém.) P.H. Raven ssp. lancifolia (A. Heller) P.H. Raven",
    "receive_message": "Bat, asian false vampire"
  },
  {
    "first_name": "Terza",
    "message": "Johnson",
    "send_at": "2022-09-26T04:22:09Z",
    "send_message": "Spiraea ×bumalda Burven",
    "receive_message": "Common melba finch"
  },
  {
    "first_name": "Karlee",
    "message": "Mitchell",
    "send_at": "2022-05-26T10:12:07Z",
    "send_message": "Angelica archangelica L. ssp. norvegica (Rupr.) Nordh.",
    "receive_message": "Lemur, ring-tailed"
  },
  {
    "first_name": "Shayne",
    "message": "Kinsman",
    "send_at": "2022-03-12T04:37:34Z",
    "send_message": "Parakmeria lotungensis (G.L. Chun & C.H. Tsoong) Y.W. Law",
    "receive_message": "Crane, sarus"
  },
  {
    "first_name": "Aluino",
    "message": "Lien",
    "send_at": "2022-10-20T00:29:19Z",
    "send_message": "Ipomopsis tenuituba (Rydb.) V.E. Grant",
    "receive_message": "Rattlesnake, eastern diamondback"
  }
]