[
  {
    "name": "Gareth Ivanets",
    "phone_number": "7503279877",
    "email": "givanets0@ucla.edu",
    "company": "Dynabox",
    "created_at": "2022-08-31T21:24:10Z"
  },
  {
    "name": "Amalee Glentz",
    "phone_number": "6782584190",
    "email": "aglentz1@economist.com",
    "company": "Rooxo",
    "created_at": "2023-03-13T06:16:56Z"
  },
  {
    "name": "Peggy Crippes",
    "phone_number": "6358787454",
    "email": "pcrippes2@bloglovin.com",
    "company": "Agivu",
    "created_at": "2023-01-11T01:05:00Z"
  },
  {
    "name": "Maribeth Younie",
    "phone_number": "0084225106",
    "email": "myounie3@vk.com",
    "company": "Twitterbridge",
    "created_at": "2022-07-01T13:29:09Z"
  },
  {
    "name": "Dagny McAloren",
    "phone_number": "5424529186",
    "email": "dmcaloren4@craigslist.org",
    "company": "Ozu",
    "created_at": "2022-12-21T09:07:57Z"
  },
  {
    "name": "Rickey Kinsell",
    "phone_number": "5300658456",
    "email": "rkinsell5@alibaba.com",
    "company": "Quimm",
    "created_at": "2023-06-19T23:08:16Z"
  },
  {
    "name": "Nancie Abramovic",
    "phone_number": "3361317576",
    "email": "nabramovic6@blogger.com",
    "company": "Gigabox",
    "created_at": "2023-04-22T06:25:55Z"
  },
  {
    "name": "Sherlock Munnery",
    "phone_number": "1648604404",
    "email": "smunnery7@photobucket.com",
    "company": "Photospace",
    "created_at": "2022-12-27T22:15:10Z"
  },
  {
    "name": "Doralin Whellams",
    "phone_number": "6683848718",
    "email": "dwhellams8@macromedia.com",
    "company": "Tazz",
    "created_at": "2023-01-31T05:29:27Z"
  },
  {
    "name": "Gustavo Chamberlaine",
    "phone_number": "2023468442",
    "email": "gchamberlaine9@unesco.org",
    "company": "Yakidoo",
    "created_at": "2022-10-10T17:38:36Z"
  },
  {
    "name": "Guenna Kender",
    "phone_number": "5355035426",
    "email": "gkendera@nytimes.com",
    "company": "Meetz",
    "created_at": "2022-10-24T11:14:21Z"
  },
  {
    "name": "Brandise Stothart",
    "phone_number": "1920091262",
    "email": "bstothartb@1688.com",
    "company": "Miboo",
    "created_at": "2022-11-19T20:08:44Z"
  },
  {
    "name": "Cletis Cawdell",
    "phone_number": "5323565004",
    "email": "ccawdellc@google.com.au",
    "company": "Mynte",
    "created_at": "2022-07-04T07:11:34Z"
  },
  {
    "name": "Harriott Yuille",
    "phone_number": "2953590072",
    "email": "hyuilled@rambler.ru",
    "company": "Teklist",
    "created_at": "2022-07-28T10:06:14Z"
  },
  {
    "name": "Al Meers",
    "phone_number": "2023619874",
    "email": "ameerse@list-manage.com",
    "company": "Riffpath",
    "created_at": "2022-10-02T02:25:46Z"
  },
  {
    "name": "Cindy Jinkins",
    "phone_number": "5187310224",
    "email": "cjinkinsf@usda.gov",
    "company": "Topicshots",
    "created_at": "2023-03-23T18:41:36Z"
  },
  {
    "name": "Talbot Haspineall",
    "phone_number": "1760574198",
    "email": "thaspineallg@blogs.com",
    "company": "Ailane",
    "created_at": "2022-07-25T15:24:19Z"
  },
  {
    "name": "Sanderson Takos",
    "phone_number": "5962368274",
    "email": "stakosh@studiopress.com",
    "company": "Rhyloo",
    "created_at": "2023-05-29T04:16:37Z"
  },
  {
    "name": "Kora Windebank",
    "phone_number": "5118047161",
    "email": "kwindebanki@ifeng.com",
    "company": "Dazzlesphere",
    "created_at": "2023-04-09T09:19:47Z"
  },
  {
    "name": "Viki Corton",
    "phone_number": "7069730020",
    "email": "vcortonj@github.io",
    "company": "Oodoo",
    "created_at": "2023-02-14T08:13:16Z"
  },
  {
    "name": "Byrle Biesty",
    "phone_number": "8513020354",
    "email": "bbiestyk@soundcloud.com",
    "company": "Vipe",
    "created_at": "2023-02-05T10:54:17Z"
  },
  {
    "name": "Adiana Gogerty",
    "phone_number": "6239637939",
    "email": "agogertyl@dailymail.co.uk",
    "company": "Topdrive",
    "created_at": "2023-02-15T12:50:08Z"
  },
  {
    "name": "Bunni Beat",
    "phone_number": "0398814473",
    "email": "bbeatm@123-reg.co.uk",
    "company": "Aimbo",
    "created_at": "2023-05-29T20:42:26Z"
  },
  {
    "name": "Joana MacKaig",
    "phone_number": "7781189515",
    "email": "jmackaign@msu.edu",
    "company": "Oyoba",
    "created_at": "2022-09-04T23:04:48Z"
  },
  {
    "name": "Sibyl Salzberger",
    "phone_number": "9992024453",
    "email": "ssalzbergero@cornell.edu",
    "company": "Babbleset",
    "created_at": "2023-05-26T03:50:41Z"
  },
  {
    "name": "Ilsa Durkin",
    "phone_number": "0144003678",
    "email": "idurkinp@cnet.com",
    "company": "Kanoodle",
    "created_at": "2022-12-09T06:47:59Z"
  },
  {
    "name": "Jacenta Javes",
    "phone_number": "2490939998",
    "email": "jjavesq@exblog.jp",
    "company": "Realmix",
    "created_at": "2023-03-29T16:33:05Z"
  },
  {
    "name": "Bentley Fullager",
    "phone_number": "2579196315",
    "email": "bfullagerr@tinypic.com",
    "company": "Trunyx",
    "created_at": "2022-07-21T03:54:03Z"
  },
  {
    "name": "Francesca Visco",
    "phone_number": "7397192734",
    "email": "fviscos@buzzfeed.com",
    "company": "Digitube",
    "created_at": "2023-02-28T10:22:39Z"
  },
  {
    "name": "Loleta Rudman",
    "phone_number": "5376918734",
    "email": "lrudmant@zimbio.com",
    "company": "Vidoo",
    "created_at": "2022-09-11T08:03:34Z"
  },
  {
    "name": "Ned Girodon",
    "phone_number": "9318479514",
    "email": "ngirodonu@oakley.com",
    "company": "Feedspan",
    "created_at": "2022-10-31T10:31:37Z"
  },
  {
    "name": "Jorgan McCully",
    "phone_number": "4851052766",
    "email": "jmccullyv@chronoengine.com",
    "company": "Blognation",
    "created_at": "2022-11-18T18:15:24Z"
  },
  {
    "name": "Loni Preece",
    "phone_number": "1847005268",
    "email": "lpreecew@bloglines.com",
    "company": "Cogilith",
    "created_at": "2023-04-12T10:15:40Z"
  },
  {
    "name": "Edgard Railton",
    "phone_number": "0304894915",
    "email": "erailtonx@xing.com",
    "company": "Photojam",
    "created_at": "2022-10-27T21:44:50Z"
  },
  {
    "name": "Brynn Wrates",
    "phone_number": "1825830592",
    "email": "bwratesy@netvibes.com",
    "company": "Oyoba",
    "created_at": "2023-05-26T12:35:47Z"
  },
  {
    "name": "Darcy Stockoe",
    "phone_number": "2978427949",
    "email": "dstockoez@addthis.com",
    "company": "Tekfly",
    "created_at": "2022-07-11T14:26:26Z"
  },
  {
    "name": "Teodoro Shearwood",
    "phone_number": "6077257702",
    "email": "tshearwood10@simplemachines.org",
    "company": "Thoughtblab",
    "created_at": "2022-12-04T03:09:33Z"
  },
  {
    "name": "Theresita Sainz",
    "phone_number": "7788525995",
    "email": "tsainz11@weather.com",
    "company": "Gevee",
    "created_at": "2023-02-06T20:11:18Z"
  },
  {
    "name": "Johnny Elleton",
    "phone_number": "0256578605",
    "email": "jelleton12@google.com.br",
    "company": "Mydeo",
    "created_at": "2023-04-12T22:07:29Z"
  },
  {
    "name": "Nonnah Inworth",
    "phone_number": "6674375160",
    "email": "ninworth13@ucsd.edu",
    "company": "Twitterlist",
    "created_at": "2022-10-16T03:58:58Z"
  },
  {
    "name": "Kristan Giblett",
    "phone_number": "0567429245",
    "email": "kgiblett14@mac.com",
    "company": "Mudo",
    "created_at": "2022-08-06T12:09:08Z"
  },
  {
    "name": "Arnaldo Jacketts",
    "phone_number": "4460849445",
    "email": "ajacketts15@biglobe.ne.jp",
    "company": "Gigazoom",
    "created_at": "2023-04-09T14:06:44Z"
  },
  {
    "name": "Josh Isabell",
    "phone_number": "0075653664",
    "email": "jisabell16@pagesperso-orange.fr",
    "company": "Lazzy",
    "created_at": "2023-02-21T12:44:57Z"
  },
  {
    "name": "Oberon Nestle",
    "phone_number": "2811406190",
    "email": "onestle17@berkeley.edu",
    "company": "Bluezoom",
    "created_at": "2023-05-04T09:16:54Z"
  },
  {
    "name": "Lem Ortas",
    "phone_number": "8185620989",
    "email": "lortas18@vk.com",
    "company": "Rhynyx",
    "created_at": "2022-10-18T19:20:01Z"
  },
  {
    "name": "Silvana Delacoste",
    "phone_number": "6652494817",
    "email": "sdelacoste19@yale.edu",
    "company": "Babbleopia",
    "created_at": "2022-10-07T09:26:17Z"
  },
  {
    "name": "Holden Bedbury",
    "phone_number": "7206518397",
    "email": "hbedbury1a@weebly.com",
    "company": "Rhycero",
    "created_at": "2023-01-15T02:39:02Z"
  },
  {
    "name": "Glen Waldren",
    "phone_number": "5501695618",
    "email": "gwaldren1b@pen.io",
    "company": "Rhynyx",
    "created_at": "2022-08-04T07:48:36Z"
  },
  {
    "name": "Thia Greetham",
    "phone_number": "3003736183",
    "email": "tgreetham1c@ed.gov",
    "company": "Tagfeed",
    "created_at": "2023-05-14T10:46:11Z"
  },
  {
    "name": "Amelina Albany",
    "phone_number": "6146466301",
    "email": "aalbany1d@qq.com",
    "company": "Skipstorm",
    "created_at": "2022-07-29T07:36:25Z"
  },
  {
    "name": "Arline Rodda",
    "phone_number": "1006417877",
    "email": "arodda1e@ox.ac.uk",
    "company": "Zoozzy",
    "created_at": "2022-12-06T20:02:52Z"
  },
  {
    "name": "Budd Dyne",
    "phone_number": "0035571721",
    "email": "bdyne1f@cnet.com",
    "company": "Demivee",
    "created_at": "2022-12-12T23:05:17Z"
  },
  {
    "name": "Hollyanne Dineen",
    "phone_number": "4300745285",
    "email": "hdineen1g@zdnet.com",
    "company": "Yata",
    "created_at": "2022-08-21T16:28:39Z"
  },
  {
    "name": "Weider Lee",
    "phone_number": "0747680906",
    "email": "wlee1h@jugem.jp",
    "company": "Trudoo",
    "created_at": "2023-01-29T04:19:57Z"
  },
  {
    "name": "Eve Vaszoly",
    "phone_number": "0036363944",
    "email": "evaszoly1i@nasa.gov",
    "company": "Youbridge",
    "created_at": "2023-03-24T01:19:29Z"
  },
  {
    "name": "Prentice Emerson",
    "phone_number": "2319994173",
    "email": "pemerson1j@un.org",
    "company": "Gabspot",
    "created_at": "2023-01-30T12:01:49Z"
  },
  {
    "name": "Adrienne Heggie",
    "phone_number": "7667004722",
    "email": "aheggie1k@barnesandnoble.com",
    "company": "Skippad",
    "created_at": "2022-07-13T04:11:23Z"
  },
  {
    "name": "Derick Gusticke",
    "phone_number": "0403141613",
    "email": "dgusticke1l@a8.net",
    "company": "Flipopia",
    "created_at": "2023-06-08T04:38:49Z"
  },
  {
    "name": "Kendal Fraine",
    "phone_number": "4499304830",
    "email": "kfraine1m@mozilla.com",
    "company": "Gabvine",
    "created_at": "2023-03-04T15:12:49Z"
  },
  {
    "name": "Karoly Devon",
    "phone_number": "4178740075",
    "email": "kdevon1n@blogtalkradio.com",
    "company": "Viva",
    "created_at": "2023-03-03T03:04:54Z"
  },
  {
    "name": "Clementius Gathwaite",
    "phone_number": "3868086161",
    "email": "cgathwaite1o@sina.com.cn",
    "company": "Demizz",
    "created_at": "2022-11-16T08:43:51Z"
  },
  {
    "name": "Peyter Parton",
    "phone_number": "9301893975",
    "email": "pparton1p@diigo.com",
    "company": "JumpXS",
    "created_at": "2022-09-20T23:03:32Z"
  },
  {
    "name": "Felicio Duncombe",
    "phone_number": "7343377337",
    "email": "fduncombe1q@163.com",
    "company": "Twitternation",
    "created_at": "2023-03-27T11:45:45Z"
  },
  {
    "name": "Inglis Lydiate",
    "phone_number": "3793024032",
    "email": "ilydiate1r@infoseek.co.jp",
    "company": "Demivee",
    "created_at": "2023-04-21T03:04:49Z"
  },
  {
    "name": "Vite Dorrell",
    "phone_number": "5506935412",
    "email": "vdorrell1s@gravatar.com",
    "company": "Photobug",
    "created_at": "2022-11-13T14:59:35Z"
  },
  {
    "name": "Fabiano Basson",
    "phone_number": "8511777857",
    "email": "fbasson1t@cocolog-nifty.com",
    "company": "Trilia",
    "created_at": "2022-09-11T09:45:43Z"
  },
  {
    "name": "Blinni Nutbrown",
    "phone_number": "4554510387",
    "email": "bnutbrown1u@baidu.com",
    "company": "Brainsphere",
    "created_at": "2023-04-09T08:31:16Z"
  },
  {
    "name": "Griz Rainton",
    "phone_number": "7887802318",
    "email": "grainton1v@nasa.gov",
    "company": "Tagfeed",
    "created_at": "2022-10-06T10:51:30Z"
  },
  {
    "name": "Irwinn Woodcroft",
    "phone_number": "3307161733",
    "email": "iwoodcroft1w@examiner.com",
    "company": "Flipstorm",
    "created_at": "2023-05-27T05:20:39Z"
  },
  {
    "name": "Edwina Kobierra",
    "phone_number": "3566302236",
    "email": "ekobierra1x@huffingtonpost.com",
    "company": "Pixonyx",
    "created_at": "2022-07-26T05:15:59Z"
  },
  {
    "name": "Shaylyn Dibnah",
    "phone_number": "7181725610",
    "email": "sdibnah1y@globo.com",
    "company": "Wikibox",
    "created_at": "2022-09-11T16:14:49Z"
  },
  {
    "name": "Chandal Wooddisse",
    "phone_number": "5575700305",
    "email": "cwooddisse1z@networksolutions.com",
    "company": "Yata",
    "created_at": "2022-12-24T02:57:39Z"
  },
  {
    "name": "Pren Farrear",
    "phone_number": "4303652938",
    "email": "pfarrear20@arizona.edu",
    "company": "Realmix",
    "created_at": "2023-04-25T04:18:18Z"
  },
  {
    "name": "Baudoin Bucke",
    "phone_number": "0259795577",
    "email": "bbucke21@fc2.com",
    "company": "Dablist",
    "created_at": "2023-01-29T14:14:19Z"
  },
  {
    "name": "See Fessions",
    "phone_number": "7326401241",
    "email": "sfessions22@yellowpages.com",
    "company": "Eire",
    "created_at": "2023-05-17T04:50:16Z"
  },
  {
    "name": "Kaye Meeke",
    "phone_number": "8327304402",
    "email": "kmeeke23@ibm.com",
    "company": "Livepath",
    "created_at": "2023-06-13T18:56:43Z"
  },
  {
    "name": "Gabbi McTague",
    "phone_number": "7943820843",
    "email": "gmctague24@earthlink.net",
    "company": "Trudoo",
    "created_at": "2023-03-11T16:32:44Z"
  },
  {
    "name": "Jdavie Philippson",
    "phone_number": "3025912219",
    "email": "jphilippson25@economist.com",
    "company": "Einti",
    "created_at": "2023-04-12T07:53:05Z"
  },
  {
    "name": "Berti Jopke",
    "phone_number": "4837860923",
    "email": "bjopke26@alexa.com",
    "company": "Avamba",
    "created_at": "2023-04-12T15:13:13Z"
  },
  {
    "name": "Ramona Riddiough",
    "phone_number": "7780791688",
    "email": "rriddiough27@discovery.com",
    "company": "Zooxo",
    "created_at": "2022-10-21T10:20:55Z"
  },
  {
    "name": "Anatola Callway",
    "phone_number": "3485987921",
    "email": "acallway28@sfgate.com",
    "company": "Realpoint",
    "created_at": "2022-11-29T05:43:01Z"
  },
  {
    "name": "Adriena Thomazin",
    "phone_number": "9016591575",
    "email": "athomazin29@woothemes.com",
    "company": "Realmix",
    "created_at": "2022-11-13T10:48:24Z"
  },
  {
    "name": "Liam Rangle",
    "phone_number": "5844031946",
    "email": "lrangle2a@businesswire.com",
    "company": "DabZ",
    "created_at": "2023-01-19T11:41:10Z"
  },
  {
    "name": "Shirley Alessandrini",
    "phone_number": "2209996775",
    "email": "salessandrini2b@zimbio.com",
    "company": "Kwinu",
    "created_at": "2023-04-06T12:47:07Z"
  },
  {
    "name": "Marcelle Bavridge",
    "phone_number": "3332759574",
    "email": "mbavridge2c@issuu.com",
    "company": "Zoozzy",
    "created_at": "2023-06-23T12:18:48Z"
  },
  {
    "name": "Alexis Arnli",
    "phone_number": "7189042407",
    "email": "aarnli2d@ucla.edu",
    "company": "Yakitri",
    "created_at": "2023-01-02T12:58:25Z"
  },
  {
    "name": "Raymund Buckett",
    "phone_number": "4609731274",
    "email": "rbuckett2e@ask.com",
    "company": "Topicshots",
    "created_at": "2023-04-11T11:03:26Z"
  },
  {
    "name": "Jaymie Klesse",
    "phone_number": "2676084119",
    "email": "jklesse2f@furl.net",
    "company": "Blogspan",
    "created_at": "2022-10-20T07:36:46Z"
  },
  {
    "name": "Emmanuel Pudney",
    "phone_number": "5570778551",
    "email": "epudney2g@census.gov",
    "company": "Fadeo",
    "created_at": "2023-03-06T02:15:11Z"
  },
  {
    "name": "Filberto Stanlock",
    "phone_number": "7685973936",
    "email": "fstanlock2h@about.com",
    "company": "Rhyloo",
    "created_at": "2022-07-03T23:49:25Z"
  },
  {
    "name": "Vladimir Jeratt",
    "phone_number": "1943298998",
    "email": "vjeratt2i@trellian.com",
    "company": "Demivee",
    "created_at": "2023-01-03T18:51:58Z"
  },
  {
    "name": "Turner Spur",
    "phone_number": "3633789774",
    "email": "tspur2j@nationalgeographic.com",
    "company": "Dynazzy",
    "created_at": "2022-11-19T04:57:35Z"
  },
  {
    "name": "Stephani Althrop",
    "phone_number": "5200669707",
    "email": "salthrop2k@photobucket.com",
    "company": "Lazz",
    "created_at": "2022-12-23T23:23:25Z"
  },
  {
    "name": "Jeralee Judge",
    "phone_number": "7943537998",
    "email": "jjudge2l@hhs.gov",
    "company": "Aivee",
    "created_at": "2023-04-26T15:38:12Z"
  },
  {
    "name": "Becki Gredden",
    "phone_number": "5139372916",
    "email": "bgredden2m@163.com",
    "company": "Yodel",
    "created_at": "2023-03-26T01:11:02Z"
  },
  {
    "name": "Sylvan Shard",
    "phone_number": "0343266393",
    "email": "sshard2n@bigcartel.com",
    "company": "Mita",
    "created_at": "2023-05-05T16:10:41Z"
  },
  {
    "name": "Ronnie Priver",
    "phone_number": "7295249656",
    "email": "rpriver2o@vinaora.com",
    "company": "Tanoodle",
    "created_at": "2023-05-11T02:21:32Z"
  },
  {
    "name": "Sophronia Josipovitz",
    "phone_number": "1237910188",
    "email": "sjosipovitz2p@statcounter.com",
    "company": "Jamia",
    "created_at": "2022-12-17T16:06:09Z"
  },
  {
    "name": "Haleigh McLeman",
    "phone_number": "3389472738",
    "email": "hmcleman2q@issuu.com",
    "company": "Kare",
    "created_at": "2022-11-13T08:38:47Z"
  },
  {
    "name": "Laura Campo",
    "phone_number": "8663903170",
    "email": "lcampo2r@hao123.com",
    "company": "Gabtype",
    "created_at": "2022-08-14T05:31:51Z"
  }
]