[
  {
    "name": "Skaboo",
    "address": "4036 Sullivan Street"
  },
  {
    "name": "Realbridge",
    "address": "97 Hudson Pass"
  },
  {
    "name": "Kwimbee",
    "address": "44036 Harper Drive"
  },
  {
    "name": "Avamba",
    "address": "739 Jenna Point"
  },
  {
    "name": "Plajo",
    "address": "34 Delladonna Crossing"
  },
  {
    "name": "Devpulse",
    "address": "92447 Jackson Crossing"
  },
  {
    "name": "Thoughtstorm",
    "address": "81 Harbort Road"
  },
  {
    "name": "Tagchat",
    "address": "4 Duke Way"
  },
  {
    "name": "Twinte",
    "address": "96468 Lyons Parkway"
  },
  {
    "name": "Zoozzy",
    "address": "54 Bunting Junction"
  },
  {
    "name": "Trudeo",
    "address": "0 Cody Point"
  },
  {
    "name": "Roombo",
    "address": "3519 John Wall Alley"
  },
  {
    "name": "Quimm",
    "address": "34 Ramsey Crossing"
  },
  {
    "name": "Roodel",
    "address": "2 Holy Cross Trail"
  },
  {
    "name": "Mudo",
    "address": "7 Sunbrook Pass"
  },
  {
    "name": "Oodoo",
    "address": "07 Farragut Point"
  },
  {
    "name": "LiveZ",
    "address": "9 Hansons Avenue"
  },
  {
    "name": "Pixonyx",
    "address": "58526 3rd Circle"
  },
  {
    "name": "Tazz",
    "address": "655 Bellgrove Plaza"
  },
  {
    "name": "Teklist",
    "address": "98082 Judy Way"
  },
  {
    "name": "Meevee",
    "address": "5 Swallow Drive"
  },
  {
    "name": "Flashset",
    "address": "4866 Brickson Park Pass"
  },
  {
    "name": "Jaxworks",
    "address": "1344 Merrick Point"
  },
  {
    "name": "Skipstorm",
    "address": "4 Welch Place"
  },
  {
    "name": "Devpoint",
    "address": "106 8th Place"
  },
  {
    "name": "Topdrive",
    "address": "4526 Moose Parkway"
  },
  {
    "name": "Brightdog",
    "address": "57449 Thackeray Parkway"
  },
  {
    "name": "Trilith",
    "address": "56524 Service Park"
  },
  {
    "name": "DabZ",
    "address": "618 Garrison Hill"
  },
  {
    "name": "Skinte",
    "address": "80565 Manufacturers Alley"
  },
  {
    "name": "Flashset",
    "address": "23 Stang Park"
  },
  {
    "name": "Meezzy",
    "address": "72 Alpine Court"
  },
  {
    "name": "DabZ",
    "address": "428 Vermont Alley"
  },
  {
    "name": "Youfeed",
    "address": "37 Sycamore Place"
  },
  {
    "name": "Shuffletag",
    "address": "8939 Amoth Road"
  },
  {
    "name": "Flashset",
    "address": "102 Dorton Park"
  },
  {
    "name": "Jaloo",
    "address": "13 Ronald Regan Pass"
  },
  {
    "name": "Skynoodle",
    "address": "1256 Tennessee Plaza"
  },
  {
    "name": "Tazz",
    "address": "349 Knutson Way"
  },
  {
    "name": "Einti",
    "address": "7937 Schiller Way"
  },
  {
    "name": "Edgeblab",
    "address": "917 Derek Place"
  },
  {
    "name": "Jabbersphere",
    "address": "04 Sullivan Circle"
  },
  {
    "name": "Jaxnation",
    "address": "47 Corscot Parkway"
  },
  {
    "name": "Pixope",
    "address": "2175 Service Plaza"
  },
  {
    "name": "Gigaclub",
    "address": "53 Red Cloud Road"
  },
  {
    "name": "Meejo",
    "address": "1543 Shasta Road"
  },
  {
    "name": "Browsecat",
    "address": "476 Bunting Trail"
  },
  {
    "name": "Zoonoodle",
    "address": "5 Longview Drive"
  },
  {
    "name": "Pixope",
    "address": "83514 Acker Lane"
  },
  {
    "name": "Mita",
    "address": "40503 Lien Terrace"
  },
  {
    "name": "Skipstorm",
    "address": "2377 Emmet Avenue"
  },
  {
    "name": "Mymm",
    "address": "00467 Eggendart Junction"
  },
  {
    "name": "Demivee",
    "address": "1 American Ash Center"
  },
  {
    "name": "Skipfire",
    "address": "13 Montana Avenue"
  },
  {
    "name": "Devbug",
    "address": "2083 Farragut Drive"
  },
  {
    "name": "Thoughtstorm",
    "address": "5947 Anhalt Park"
  },
  {
    "name": "Brainverse",
    "address": "6239 Kinsman Pass"
  },
  {
    "name": "Rooxo",
    "address": "5661 Darwin Parkway"
  },
  {
    "name": "Talane",
    "address": "28 Hudson Road"
  },
  {
    "name": "Lazz",
    "address": "8236 Wayridge Junction"
  },
  {
    "name": "Gigazoom",
    "address": "1111 Melody Trail"
  },
  {
    "name": "Skinte",
    "address": "70051 Bonner Terrace"
  },
  {
    "name": "Snaptags",
    "address": "507 Bartillon Avenue"
  },
  {
    "name": "Skidoo",
    "address": "4 Golf Center"
  },
  {
    "name": "Wordpedia",
    "address": "4575 Mayer Road"
  },
  {
    "name": "Topicstorm",
    "address": "4 Oxford Way"
  },
  {
    "name": "Skajo",
    "address": "23 Gerald Center"
  },
  {
    "name": "Flipstorm",
    "address": "45823 Harbort Point"
  },
  {
    "name": "Realcube",
    "address": "6751 Golf View Park"
  },
  {
    "name": "Trilith",
    "address": "6 Kensington Junction"
  },
  {
    "name": "Cogidoo",
    "address": "3028 North Hill"
  },
  {
    "name": "Meejo",
    "address": "5 Riverside Parkway"
  },
  {
    "name": "Gigashots",
    "address": "6256 Fairview Road"
  },
  {
    "name": "Avaveo",
    "address": "7614 Summerview Plaza"
  },
  {
    "name": "Bubblemix",
    "address": "1411 Huxley Parkway"
  },
  {
    "name": "Oyoba",
    "address": "24943 Northview Way"
  },
  {
    "name": "Leenti",
    "address": "13 Eagle Crest Pass"
  },
  {
    "name": "Jetwire",
    "address": "5239 Monterey Way"
  },
  {
    "name": "Voolia",
    "address": "4880 Graedel Pass"
  },
  {
    "name": "Voonte",
    "address": "76085 Bellgrove Parkway"
  },
  {
    "name": "Youspan",
    "address": "6 Harbort Crossing"
  },
  {
    "name": "Yambee",
    "address": "6338 Hintze Trail"
  },
  {
    "name": "Feedfish",
    "address": "7 Utah Crossing"
  },
  {
    "name": "Rhynoodle",
    "address": "14448 Hollow Ridge Avenue"
  },
  {
    "name": "Innotype",
    "address": "9709 Messerschmidt Place"
  },
  {
    "name": "Dynazzy",
    "address": "426 Sunnyside Alley"
  },
  {
    "name": "Yodel",
    "address": "1701 Petterle Parkway"
  },
  {
    "name": "Jabbercube",
    "address": "461 Norway Maple Way"
  },
  {
    "name": "Dablist",
    "address": "6927 Jackson Junction"
  },
  {
    "name": "Camido",
    "address": "05 Evergreen Lane"
  },
  {
    "name": "Babbleopia",
    "address": "685 Novick Way"
  },
  {
    "name": "Mymm",
    "address": "8 Havey Road"
  },
  {
    "name": "Jabbercube",
    "address": "641 Victoria Plaza"
  },
  {
    "name": "Livepath",
    "address": "78352 Pine View Plaza"
  },
  {
    "name": "Youfeed",
    "address": "459 Forest Run Plaza"
  },
  {
    "name": "Edgeblab",
    "address": "837 Village Hill"
  },
  {
    "name": "Eayo",
    "address": "2 Ryan Lane"
  },
  {
    "name": "Skipstorm",
    "address": "4342 Stang Alley"
  },
  {
    "name": "Browsetype",
    "address": "86 Mitchell Court"
  },
  {
    "name": "Devbug",
    "address": "9018 Evergreen Crossing"
  }
]