[
  {
    "number": 1,
    "name": "Jeanette",
    "phone_number": "686-773-2956",
    "balance": 469,
    "send_at": "2022-05-23T16:54:03Z"
  },
  {
    "number": 2,
    "name": "Margalit",
    "phone_number": "516-425-2383",
    "balance": 614,
    "send_at": "2022-11-06T07:56:15Z"
  },
  {
    "number": 3,
    "name": "Sydelle",
    "phone_number": "313-753-1904",
    "balance": 497,
    "send_at": "2022-06-10T10:01:28Z"
  },
  {
    "number": 4,
    "name": "Alvan",
    "phone_number": "261-803-8236",
    "balance": 921,
    "send_at": "2022-01-22T02:50:09Z"
  },
  {
    "number": 5,
    "name": "Amabel",
    "phone_number": "472-199-8169",
    "balance": 176,
    "send_at": "2022-06-24T03:05:13Z"
  },
  {
    "number": 6,
    "name": "Gwenora",
    "phone_number": "159-127-1760",
    "balance": 702,
    "send_at": "2023-02-20T02:42:44Z"
  },
  {
    "number": 7,
    "name": "Maxwell",
    "phone_number": "230-650-2243",
    "balance": 420,
    "send_at": "2023-01-02T04:11:13Z"
  },
  {
    "number": 8,
    "name": "Alden",
    "phone_number": "770-734-6757",
    "balance": 524,
    "send_at": "2023-03-13T20:54:44Z"
  },
  {
    "number": 9,
    "name": "Orazio",
    "phone_number": "757-690-8250",
    "balance": 806,
    "send_at": "2022-07-09T21:14:30Z"
  },
  {
    "number": 10,
    "name": "Carmita",
    "phone_number": "857-338-2886",
    "balance": 413,
    "send_at": "2023-01-11T19:35:57Z"
  },
  {
    "number": 11,
    "name": "Kylie",
    "phone_number": "955-555-6698",
    "balance": 237,
    "send_at": "2022-12-13T19:06:09Z"
  },
  {
    "number": 12,
    "name": "Zenia",
    "phone_number": "776-480-0029",
    "balance": 325,
    "send_at": "2022-02-07T02:45:32Z"
  },
  {
    "number": 13,
    "name": "Augy",
    "phone_number": "909-138-0699",
    "balance": 753,
    "send_at": "2022-07-15T16:35:19Z"
  },
  {
    "number": 14,
    "name": "Calla",
    "phone_number": "660-362-9828",
    "balance": 416,
    "send_at": "2023-04-23T22:43:50Z"
  },
  {
    "number": 15,
    "name": "Roberta",
    "phone_number": "731-697-9094",
    "balance": 577,
    "send_at": "2022-12-10T17:03:58Z"
  },
  {
    "number": 16,
    "name": "Dulsea",
    "phone_number": "943-665-7943",
    "balance": 853,
    "send_at": "2022-12-26T05:10:59Z"
  },
  {
    "number": 17,
    "name": "Sherill",
    "phone_number": "492-598-2133",
    "balance": 764,
    "send_at": "2022-04-24T17:40:03Z"
  },
  {
    "number": 18,
    "name": "Rica",
    "phone_number": "929-396-1999",
    "balance": 634,
    "send_at": "2022-02-03T19:29:26Z"
  },
  {
    "number": 19,
    "name": "Rivalee",
    "phone_number": "952-674-3423",
    "balance": 221,
    "send_at": "2022-02-19T11:41:10Z"
  },
  {
    "number": 20,
    "name": "Klement",
    "phone_number": "350-832-3971",
    "balance": 552,
    "send_at": "2022-01-14T06:54:28Z"
  },
  {
    "number": 21,
    "name": "Corbet",
    "phone_number": "500-904-0135",
    "balance": 187,
    "send_at": "2022-08-22T00:15:19Z"
  },
  {
    "number": 22,
    "name": "Susette",
    "phone_number": "728-253-5930",
    "balance": 376,
    "send_at": "2022-11-27T02:02:17Z"
  },
  {
    "number": 23,
    "name": "Fredi",
    "phone_number": "987-214-4176",
    "balance": 645,
    "send_at": "2022-07-10T12:59:40Z"
  },
  {
    "number": 24,
    "name": "Carolyn",
    "phone_number": "422-971-5526",
    "balance": 541,
    "send_at": "2023-02-14T06:03:46Z"
  },
  {
    "number": 25,
    "name": "Carita",
    "phone_number": "652-157-8257",
    "balance": 780,
    "send_at": "2022-05-05T09:14:28Z"
  },
  {
    "number": 26,
    "name": "Jacquetta",
    "phone_number": "289-698-7038",
    "balance": 901,
    "send_at": "2022-12-29T23:05:41Z"
  },
  {
    "number": 27,
    "name": "Kellina",
    "phone_number": "924-686-3782",
    "balance": 609,
    "send_at": "2023-05-10T01:28:27Z"
  },
  {
    "number": 28,
    "name": "Euphemia",
    "phone_number": "972-886-5206",
    "balance": 720,
    "send_at": "2022-03-30T19:33:05Z"
  },
  {
    "number": 29,
    "name": "Tera",
    "phone_number": "624-933-9570",
    "balance": 417,
    "send_at": "2022-05-17T01:54:37Z"
  },
  {
    "number": 30,
    "name": "Idette",
    "phone_number": "215-284-3793",
    "balance": 773,
    "send_at": "2022-06-14T12:58:07Z"
  },
  {
    "number": 31,
    "name": "Colline",
    "phone_number": "221-995-2297",
    "balance": 108,
    "send_at": "2022-07-09T21:15:36Z"
  },
  {
    "number": 32,
    "name": "Thia",
    "phone_number": "777-745-4757",
    "balance": 237,
    "send_at": "2022-06-26T22:33:41Z"
  },
  {
    "number": 33,
    "name": "Matias",
    "phone_number": "699-789-6925",
    "balance": 583,
    "send_at": "2023-01-10T19:09:07Z"
  },
  {
    "number": 34,
    "name": "Davidson",
    "phone_number": "897-628-8789",
    "balance": 402,
    "send_at": "2023-05-16T19:44:42Z"
  },
  {
    "number": 35,
    "name": "Vivianna",
    "phone_number": "707-641-7306",
    "balance": 107,
    "send_at": "2022-11-09T15:57:12Z"
  },
  {
    "number": 36,
    "name": "Norman",
    "phone_number": "502-224-6959",
    "balance": 847,
    "send_at": "2022-04-30T18:57:35Z"
  },
  {
    "number": 37,
    "name": "Alix",
    "phone_number": "179-178-5660",
    "balance": 710,
    "send_at": "2023-04-29T09:21:36Z"
  },
  {
    "number": 38,
    "name": "Editha",
    "phone_number": "249-259-3474",
    "balance": 683,
    "send_at": "2022-04-13T07:49:37Z"
  },
  {
    "number": 39,
    "name": "Nicholle",
    "phone_number": "464-480-0551",
    "balance": 304,
    "send_at": "2023-05-05T12:35:11Z"
  },
  {
    "number": 40,
    "name": "Trace",
    "phone_number": "403-730-7711",
    "balance": 651,
    "send_at": "2022-03-24T12:02:19Z"
  },
  {
    "number": 41,
    "name": "Maire",
    "phone_number": "623-527-5283",
    "balance": 293,
    "send_at": "2022-07-23T06:46:41Z"
  },
  {
    "number": 42,
    "name": "Dinny",
    "phone_number": "847-428-1885",
    "balance": 930,
    "send_at": "2022-09-22T14:56:21Z"
  },
  {
    "number": 43,
    "name": "Lita",
    "phone_number": "632-810-1596",
    "balance": 769,
    "send_at": "2022-03-16T15:59:25Z"
  },
  {
    "number": 44,
    "name": "Inge",
    "phone_number": "629-752-4293",
    "balance": 899,
    "send_at": "2022-01-07T16:43:01Z"
  },
  {
    "number": 45,
    "name": "Ange",
    "phone_number": "780-226-2346",
    "balance": 791,
    "send_at": "2022-11-30T00:03:00Z"
  },
  {
    "number": 46,
    "name": "Baxie",
    "phone_number": "293-567-4335",
    "balance": 712,
    "send_at": "2023-03-14T12:00:15Z"
  },
  {
    "number": 47,
    "name": "Alie",
    "phone_number": "901-761-6974",
    "balance": 999,
    "send_at": "2022-03-29T15:21:27Z"
  },
  {
    "number": 48,
    "name": "Anatollo",
    "phone_number": "221-198-6757",
    "balance": 486,
    "send_at": "2022-04-10T10:57:10Z"
  },
  {
    "number": 49,
    "name": "Cornall",
    "phone_number": "554-413-7951",
    "balance": 974,
    "send_at": "2022-12-11T11:48:07Z"
  },
  {
    "number": 50,
    "name": "Frayda",
    "phone_number": "340-655-5937",
    "balance": 228,
    "send_at": "2023-03-06T17:03:18Z"
  },
  {
    "number": 51,
    "name": "Katharyn",
    "phone_number": "749-928-0624",
    "balance": 792,
    "send_at": "2022-06-22T17:04:23Z"
  },
  {
    "number": 52,
    "name": "Jarvis",
    "phone_number": "476-118-1491",
    "balance": 306,
    "send_at": "2022-06-20T19:41:57Z"
  },
  {
    "number": 53,
    "name": "Wilhelm",
    "phone_number": "767-470-1671",
    "balance": 196,
    "send_at": "2022-02-24T06:07:16Z"
  },
  {
    "number": 54,
    "name": "Reinwald",
    "phone_number": "984-872-3758",
    "balance": 452,
    "send_at": "2022-07-28T05:31:35Z"
  },
  {
    "number": 55,
    "name": "Dehlia",
    "phone_number": "541-190-1553",
    "balance": 670,
    "send_at": "2022-08-03T08:21:32Z"
  },
  {
    "number": 56,
    "name": "Tonia",
    "phone_number": "154-262-8242",
    "balance": 276,
    "send_at": "2023-03-03T08:35:04Z"
  },
  {
    "number": 57,
    "name": "Anallise",
    "phone_number": "430-116-2415",
    "balance": 198,
    "send_at": "2023-03-24T03:20:04Z"
  },
  {
    "number": 58,
    "name": "Lindsay",
    "phone_number": "273-331-4763",
    "balance": 669,
    "send_at": "2023-03-09T09:43:16Z"
  },
  {
    "number": 59,
    "name": "Leora",
    "phone_number": "203-310-2305",
    "balance": 318,
    "send_at": "2022-10-13T10:56:01Z"
  },
  {
    "number": 60,
    "name": "Harley",
    "phone_number": "205-166-2325",
    "balance": 179,
    "send_at": "2022-03-24T10:11:15Z"
  },
  {
    "number": 61,
    "name": "Cos",
    "phone_number": "342-101-8264",
    "balance": 483,
    "send_at": "2023-03-19T06:37:34Z"
  },
  {
    "number": 62,
    "name": "Kaylee",
    "phone_number": "562-799-7309",
    "balance": 856,
    "send_at": "2022-06-29T09:40:38Z"
  },
  {
    "number": 63,
    "name": "Mike",
    "phone_number": "998-766-9447",
    "balance": 654,
    "send_at": "2023-02-16T01:41:34Z"
  },
  {
    "number": 64,
    "name": "Nananne",
    "phone_number": "664-372-8514",
    "balance": 249,
    "send_at": "2022-03-23T19:10:36Z"
  },
  {
    "number": 65,
    "name": "Kalila",
    "phone_number": "348-779-8665",
    "balance": 937,
    "send_at": "2023-02-03T17:57:14Z"
  },
  {
    "number": 66,
    "name": "Vladimir",
    "phone_number": "371-366-6853",
    "balance": 969,
    "send_at": "2022-12-13T10:29:40Z"
  },
  {
    "number": 67,
    "name": "Aaren",
    "phone_number": "295-307-4567",
    "balance": 806,
    "send_at": "2022-03-12T22:42:41Z"
  },
  {
    "number": 68,
    "name": "Filberte",
    "phone_number": "287-507-8873",
    "balance": 591,
    "send_at": "2023-02-14T06:26:17Z"
  },
  {
    "number": 69,
    "name": "Gilemette",
    "phone_number": "513-689-6934",
    "balance": 678,
    "send_at": "2022-03-31T20:26:53Z"
  },
  {
    "number": 70,
    "name": "Harmonia",
    "phone_number": "508-126-7503",
    "balance": 734,
    "send_at": "2022-02-05T10:15:36Z"
  },
  {
    "number": 71,
    "name": "Marshal",
    "phone_number": "944-343-4647",
    "balance": 623,
    "send_at": "2022-04-19T14:40:26Z"
  },
  {
    "number": 72,
    "name": "Marlane",
    "phone_number": "987-617-8799",
    "balance": 165,
    "send_at": "2022-04-01T10:24:49Z"
  },
  {
    "number": 73,
    "name": "Bowie",
    "phone_number": "617-104-7695",
    "balance": 339,
    "send_at": "2022-11-16T15:21:00Z"
  },
  {
    "number": 74,
    "name": "Gaye",
    "phone_number": "671-130-0976",
    "balance": 298,
    "send_at": "2022-05-19T09:21:52Z"
  },
  {
    "number": 75,
    "name": "Guenna",
    "phone_number": "319-633-1520",
    "balance": 987,
    "send_at": "2022-03-29T13:55:01Z"
  },
  {
    "number": 76,
    "name": "Dael",
    "phone_number": "569-145-3974",
    "balance": 353,
    "send_at": "2023-03-06T00:17:59Z"
  },
  {
    "number": 77,
    "name": "Michael",
    "phone_number": "415-358-4073",
    "balance": 580,
    "send_at": "2022-05-11T01:38:36Z"
  },
  {
    "number": 78,
    "name": "Fan",
    "phone_number": "687-578-2285",
    "balance": 519,
    "send_at": "2022-12-15T17:08:13Z"
  },
  {
    "number": 79,
    "name": "Jermayne",
    "phone_number": "169-351-8919",
    "balance": 705,
    "send_at": "2023-02-11T04:42:09Z"
  },
  {
    "number": 80,
    "name": "Haily",
    "phone_number": "265-274-8462",
    "balance": 632,
    "send_at": "2022-04-28T05:31:05Z"
  },
  {
    "number": 81,
    "name": "Helena",
    "phone_number": "107-923-2026",
    "balance": 768,
    "send_at": "2022-02-11T23:33:43Z"
  },
  {
    "number": 82,
    "name": "Evelin",
    "phone_number": "805-788-1584",
    "balance": 485,
    "send_at": "2022-03-29T01:12:34Z"
  },
  {
    "number": 83,
    "name": "Stephana",
    "phone_number": "793-529-8401",
    "balance": 204,
    "send_at": "2022-07-21T03:02:27Z"
  },
  {
    "number": 84,
    "name": "Bruno",
    "phone_number": "933-128-3550",
    "balance": 534,
    "send_at": "2022-06-13T04:38:11Z"
  },
  {
    "number": 85,
    "name": "Mellicent",
    "phone_number": "164-736-4704",
    "balance": 240,
    "send_at": "2022-06-22T02:32:26Z"
  },
  {
    "number": 86,
    "name": "Philbert",
    "phone_number": "902-968-9857",
    "balance": 118,
    "send_at": "2022-01-21T12:39:15Z"
  },
  {
    "number": 87,
    "name": "Tiffy",
    "phone_number": "193-643-6924",
    "balance": 663,
    "send_at": "2022-03-06T21:35:20Z"
  },
  {
    "number": 88,
    "name": "Willy",
    "phone_number": "520-427-0162",
    "balance": 228,
    "send_at": "2022-01-14T09:22:32Z"
  },
  {
    "number": 89,
    "name": "Yuri",
    "phone_number": "203-755-9522",
    "balance": 483,
    "send_at": "2023-05-10T07:42:07Z"
  },
  {
    "number": 90,
    "name": "Wrennie",
    "phone_number": "312-657-3966",
    "balance": 761,
    "send_at": "2022-11-23T16:46:13Z"
  },
  {
    "number": 91,
    "name": "Delores",
    "phone_number": "818-502-5135",
    "balance": 804,
    "send_at": "2022-05-24T05:20:09Z"
  },
  {
    "number": 92,
    "name": "Hogan",
    "phone_number": "456-126-7881",
    "balance": 977,
    "send_at": "2022-07-14T11:33:10Z"
  },
  {
    "number": 93,
    "name": "Padgett",
    "phone_number": "789-319-0107",
    "balance": 706,
    "send_at": "2022-10-25T21:59:09Z"
  },
  {
    "number": 94,
    "name": "Valaree",
    "phone_number": "468-909-8076",
    "balance": 567,
    "send_at": "2023-03-05T21:42:08Z"
  },
  {
    "number": 95,
    "name": "Skell",
    "phone_number": "733-801-4769",
    "balance": 844,
    "send_at": "2022-10-13T12:47:59Z"
  },
  {
    "number": 96,
    "name": "Adelaide",
    "phone_number": "298-842-5991",
    "balance": 136,
    "send_at": "2022-03-18T01:12:19Z"
  },
  {
    "number": 97,
    "name": "Jule",
    "phone_number": "347-816-3796",
    "balance": 714,
    "send_at": "2022-09-26T04:22:09Z"
  },
  {
    "number": 98,
    "name": "Jared",
    "phone_number": "561-995-2019",
    "balance": 846,
    "send_at": "2022-05-26T10:12:07Z"
  },
  {
    "number": 99,
    "name": "Gilberta",
    "phone_number": "800-204-7350",
    "balance": 718,
    "send_at": "2022-03-12T04:37:34Z"
  },
  {
    "number": 100,
    "name": "Brady",
    "phone_number": "186-281-5993",
    "balance": 836,
    "send_at": "2022-10-20T00:29:19Z"
  }
]