[
  {
    "title": "Cointon Capeloff",
    "description": "Laceration of musc/fasc/tend abdomen, lower back and pelvis",
    "created_at": "2023-05-16T22:01:58Z",
    "is_toggle": false
  },
  {
    "title": "Seth Tipton",
    "description": "Unspecified open wound, left lower leg, initial encounter",
    "created_at": "2023-09-04T21:53:42Z",
    "is_toggle": false
  },
  {
    "title": "Rafaelita Goutcher",
    "description": "Maternal care for hereditary disease in fetus, fetus 5",
    "created_at": "2023-08-30T23:56:34Z",
    "is_toggle": false
  },
  {
    "title": "Susette Mintrim",
    "description": "Displaced intartic fx l calcaneus, subs for fx w delay heal",
    "created_at": "2024-01-06T06:33:23Z",
    "is_toggle": false
  },
  {
    "title": "Zechariah Ablett",
    "description": "Type 1 diabetes with stable prolif diabetic rtnop, left eye",
    "created_at": "2023-12-07T19:47:32Z",
    "is_toggle": false
  },
  {
    "title": "Genovera Ingamells",
    "description": "Osseous stenosis of neural canal of cervical region",
    "created_at": "2023-03-08T16:32:30Z",
    "is_toggle": false
  },
  {
    "title": "Gustavus Flockhart",
    "description": "Exposure to domestic wiring and appliances, subs encntr",
    "created_at": "2023-12-09T00:34:57Z",
    "is_toggle": false
  },
  {
    "title": "Winifred Riddett",
    "description": "Strain of adductor musc/fasc/tend unsp thigh, subs",
    "created_at": "2023-08-19T16:49:03Z",
    "is_toggle": false
  },
  {
    "title": "Land Allum",
    "description": "Contact w lifting and transmission devices, NEC",
    "created_at": "2023-02-21T04:42:23Z",
    "is_toggle": false
  },
  {
    "title": "Salomo Bardnam",
    "description": "Other specified arthritis, elbow",
    "created_at": "2023-10-02T23:56:14Z",
    "is_toggle": false
  },
  {
    "title": "Rubina Bushby",
    "description": "Driver of bus injured in nonclsn trnsp acc in traf, subs",
    "created_at": "2024-02-05T18:59:45Z",
    "is_toggle": false
  },
  {
    "title": "Rubi Turvie",
    "description": "Diffuse TBI w LOC w death due to oth cause bf consc",
    "created_at": "2023-05-23T07:11:33Z",
    "is_toggle": false
  },
  {
    "title": "Ardella Kunze",
    "description": "Car driver injured in collision w rail trn/veh nontraf, subs",
    "created_at": "2023-05-04T04:16:53Z",
    "is_toggle": false
  },
  {
    "title": "Miner Engel",
    "description": "Laceration w/o fb of r mid finger w/o damage to nail",
    "created_at": "2023-12-27T08:34:53Z",
    "is_toggle": false
  },
  {
    "title": "Danyette Worviell",
    "description": "Superficial foreign body, left thigh, subsequent encounter",
    "created_at": "2023-06-01T14:05:17Z",
    "is_toggle": false
  },
  {
    "title": "Allen Millmoe",
    "description": "Complete oblique atypical femoral fracture, right leg, 7thP",
    "created_at": "2023-10-23T13:50:28Z",
    "is_toggle": false
  },
  {
    "title": "Rosita Todaro",
    "description": "Postproc seroma of a nervous sys org fol a nervous sys proc",
    "created_at": "2023-03-22T22:24:27Z",
    "is_toggle": false
  },
  {
    "title": "Alric Balogh",
    "description": "Unsp superficial injury of right little finger, sequela",
    "created_at": "2023-04-03T14:03:58Z",
    "is_toggle": false
  },
  {
    "title": "Vic Blower",
    "description": "Corrosion of third degree of trunk",
    "created_at": "2023-07-14T12:01:39Z",
    "is_toggle": false
  },
  {
    "title": "Martainn Jacques",
    "description": "Other injury of adductor muscle, fascia and tendon of thigh",
    "created_at": "2023-12-30T15:30:00Z",
    "is_toggle": false
  },
  {
    "title": "Silvio Kubat",
    "description": "Sltr-haris Type IV physeal fx upper end of l tibia, sequela",
    "created_at": "2023-10-23T17:19:09Z",
    "is_toggle": false
  },
  {
    "title": "Rochette Sproul",
    "description": "Acute lymphadenitis of other sites",
    "created_at": "2023-02-14T21:12:58Z",
    "is_toggle": false
  },
  {
    "title": "Timothea Koch",
    "description": "Superficial frostbite of neck, initial encounter",
    "created_at": "2023-09-26T14:40:17Z",
    "is_toggle": false
  },
  {
    "title": "Launce Trent",
    "description": "Leakage of nephrostomy catheter",
    "created_at": "2023-05-03T22:51:57Z",
    "is_toggle": false
  },
  {
    "title": "Camille Verman",
    "description": "Displ seg fx shaft of l fibula, 7thR",
    "created_at": "2023-07-31T11:42:03Z",
    "is_toggle": false
  },
  {
    "title": "Angelita Ida",
    "description": "Luxation of globe",
    "created_at": "2023-04-22T18:51:50Z",
    "is_toggle": false
  },
  {
    "title": "Emmie Chooter",
    "description": "Pasngr in pk-up/van inj in clsn w 2/3-whl mv in traf, sqla",
    "created_at": "2023-09-07T10:30:06Z",
    "is_toggle": false
  },
  {
    "title": "Fanya Sandland",
    "description": "Antepartum hemorrhage, unspecified, second trimester",
    "created_at": "2023-04-14T11:16:08Z",
    "is_toggle": false
  },
  {
    "title": "Raynard Corrett",
    "description": "Unsp injury of musc/fasc/tend at thi lev, right thigh, init",
    "created_at": "2024-01-25T17:57:25Z",
    "is_toggle": false
  },
  {
    "title": "Vanda Kirkhouse",
    "description": "Nondisplaced apophyseal fracture of left femur, init",
    "created_at": "2023-07-10T13:01:50Z",
    "is_toggle": false
  },
  {
    "title": "Paolina O'Nowlan",
    "description": "Drug induced acute pancreatitis",
    "created_at": "2023-06-30T22:37:07Z",
    "is_toggle": false
  },
  {
    "title": "Letizia Fahy",
    "description": "Disloc of distal interphaln joint of l mid finger, sequela",
    "created_at": "2023-03-14T21:59:44Z",
    "is_toggle": false
  },
  {
    "title": "Buffy Shapira",
    "description": "Congenital herpesviral [herpes simplex] infection",
    "created_at": "2023-07-19T21:05:36Z",
    "is_toggle": false
  },
  {
    "title": "Harp Francesc",
    "description": "Subluxation of unsp interphaln joint of unsp finger, subs",
    "created_at": "2023-11-27T06:04:14Z",
    "is_toggle": false
  },
  {
    "title": "Adella Simoes",
    "description": "Partial traum amp of two or more left lesser toes, sequela",
    "created_at": "2023-04-26T11:40:09Z",
    "is_toggle": false
  },
  {
    "title": "Olivette Rule",
    "description": "Unspecified sprain of right index finger",
    "created_at": "2023-05-24T14:26:58Z",
    "is_toggle": false
  },
  {
    "title": "Cornie Whalebelly",
    "description": "Toxic effect of oth substances, undetermined, init encntr",
    "created_at": "2023-10-17T08:19:56Z",
    "is_toggle": false
  },
  {
    "title": "Ruperta Gounel",
    "description": "Fracture of alveolus of mandible",
    "created_at": "2023-07-09T08:16:45Z",
    "is_toggle": false
  },
  {
    "title": "Arabele Robardey",
    "description": "Pain in right leg",
    "created_at": "2023-03-13T18:37:02Z",
    "is_toggle": false
  },
  {
    "title": "Jo Tonbridge",
    "description": "Adverse effect of loop [high-ceiling] diuretics",
    "created_at": "2023-03-22T17:15:41Z",
    "is_toggle": false
  },
  {
    "title": "Blanche Cossington",
    "description": "Unspecified chorioretinal inflammation, right eye",
    "created_at": "2023-04-18T10:55:06Z",
    "is_toggle": false
  },
  {
    "title": "Giacinta Belhome",
    "description": "Displaced oth fx tuberosity of r calcaneus, init for opn fx",
    "created_at": "2023-03-10T06:53:42Z",
    "is_toggle": false
  },
  {
    "title": "Lorain MacGaughy",
    "description": "Passenger in hv veh injured in clsn w statnry object in traf",
    "created_at": "2023-08-24T20:47:12Z",
    "is_toggle": false
  },
  {
    "title": "Lorettalorna Mougel",
    "description": "Synovial hypertrophy, NEC, unsp ankle and foot",
    "created_at": "2023-03-11T20:21:36Z",
    "is_toggle": false
  },
  {
    "title": "Lucretia Willbraham",
    "description": "Nondisp fx of middle third of navicular bone of left wrist",
    "created_at": "2023-11-29T12:47:11Z",
    "is_toggle": false
  },
  {
    "title": "Otes Kix",
    "description": "Minor laceration of unspecified carotid artery, init encntr",
    "created_at": "2023-11-06T09:37:39Z",
    "is_toggle": false
  },
  {
    "title": "Matthaeus Allum",
    "description": "Gonorrhea compl preg/chldbrth",
    "created_at": "2023-09-07T23:34:42Z",
    "is_toggle": false
  },
  {
    "title": "Honey Clarabut",
    "description": "Displaced Maisonneuve's fracture of right leg, init",
    "created_at": "2023-09-08T15:50:01Z",
    "is_toggle": false
  },
  {
    "title": "Maure Peres",
    "description": "Unspecified subluxation of right foot, subsequent encounter",
    "created_at": "2023-06-01T15:15:17Z",
    "is_toggle": false
  },
  {
    "title": "Bink Taggert",
    "description": "Toxic effect of venom of black widow spider, undet, sequela",
    "created_at": "2023-06-30T08:40:43Z",
    "is_toggle": false
  }
]