[
  {
    "name": "Mat Lam Tam",
    "number": 1,
    "company_name": "Jaxspan",
    "item": 3562,
    "ETH": 4.3
  },
  {
    "name": "Zathin",
    "number": 2,
    "company_name": "Skyble",
    "item": 1453,
    "ETH": 3.7
  },
  {
    "name": "Solarbreeze",
    "number": 3,
    "company_name": "Yamia",
    "item": 3991,
    "ETH": 1.2
  },
  {
    "name": "Fixflex",
    "number": 4,
    "company_name": "Jazzy",
    "item": 7708,
    "ETH": 1.5
  },
  {
    "name": "Lotstring",
    "number": 5,
    "company_name": "Rooxo",
    "item": 2865,
    "ETH": 9.7
  },
  {
    "name": "Tampflex",
    "number": 6,
    "company_name": "Twitternation",
    "item": 5917,
    "ETH": 7.3
  },
  {
    "name": "Fintone",
    "number": 7,
    "company_name": "Linklinks",
    "item": 6723,
    "ETH": 9.3
  },
  {
    "name": "Tres-Zap",
    "number": 8,
    "company_name": "Zooxo",
    "item": 1658,
    "ETH": 3.8
  },
  {
    "name": "Keylex",
    "number": 9,
    "company_name": "Aibox",
    "item": 2653,
    "ETH": 9.9
  },
  {
    "name": "Konklab",
    "number": 10,
    "company_name": "Edgewire",
    "item": 2834,
    "ETH": 7.3
  },
  {
    "name": "Fintone",
    "number": 11,
    "company_name": "Browsedrive",
    "item": 2908,
    "ETH": 8.3
  },
  {
    "name": "Bitwolf",
    "number": 12,
    "company_name": "Brightbean",
    "item": 5560,
    "ETH": 1.2
  },
  {
    "name": "Fixflex",
    "number": 13,
    "company_name": "Janyx",
    "item": 7801,
    "ETH": 9.6
  },
  {
    "name": "Ronstring",
    "number": 14,
    "company_name": "Jetwire",
    "item": 3567,
    "ETH": 7.1
  },
  {
    "name": "Job",
    "number": 15,
    "company_name": "Quatz",
    "item": 5015,
    "ETH": 2.9
  },
  {
    "name": "Stronghold",
    "number": 16,
    "company_name": "Skivee",
    "item": 4217,
    "ETH": 5.1
  },
  {
    "name": "Domainer",
    "number": 17,
    "company_name": "Shufflester",
    "item": 4004,
    "ETH": 2.3
  },
  {
    "name": "Matsoft",
    "number": 18,
    "company_name": "Zoozzy",
    "item": 7077,
    "ETH": 5.5
  },
  {
    "name": "Tampflex",
    "number": 19,
    "company_name": "Kwilith",
    "item": 3739,
    "ETH": 8.8
  },
  {
    "name": "Stringtough",
    "number": 20,
    "company_name": "Voomm",
    "item": 7979,
    "ETH": 2.8
  },
  {
    "name": "Sonair",
    "number": 21,
    "company_name": "Voonte",
    "item": 2669,
    "ETH": 4.1
  },
  {
    "name": "Y-Solowarm",
    "number": 22,
    "company_name": "Demizz",
    "item": 7868,
    "ETH": 5.2
  },
  {
    "name": "Fix San",
    "number": 23,
    "company_name": "Blogtags",
    "item": 3985,
    "ETH": 1.8
  },
  {
    "name": "Zoolab",
    "number": 24,
    "company_name": "Yabox",
    "item": 5438,
    "ETH": 7.1
  },
  {
    "name": "Rank",
    "number": 25,
    "company_name": "Flashpoint",
    "item": 2785,
    "ETH": 6.9
  },
  {
    "name": "Sonair",
    "number": 26,
    "company_name": "Oozz",
    "item": 4568,
    "ETH": 5.5
  },
  {
    "name": "Sub-Ex",
    "number": 27,
    "company_name": "Voomm",
    "item": 5656,
    "ETH": 2.5
  },
  {
    "name": "Tempsoft",
    "number": 28,
    "company_name": "Skiptube",
    "item": 4713,
    "ETH": 8.9
  },
  {
    "name": "Tin",
    "number": 29,
    "company_name": "Rhyloo",
    "item": 1355,
    "ETH": 3.4
  },
  {
    "name": "Quo Lux",
    "number": 30,
    "company_name": "Agimba",
    "item": 1011,
    "ETH": 1.2
  },
  {
    "name": "Bitwolf",
    "number": 31,
    "company_name": "Dabvine",
    "item": 1369,
    "ETH": 6.1
  },
  {
    "name": "Cardguard",
    "number": 32,
    "company_name": "Fivespan",
    "item": 4767,
    "ETH": 2.4
  },
  {
    "name": "Domainer",
    "number": 33,
    "company_name": "Gabtune",
    "item": 7542,
    "ETH": 8.4
  },
  {
    "name": "Stronghold",
    "number": 34,
    "company_name": "Brainbox",
    "item": 4194,
    "ETH": 7.8
  },
  {
    "name": "Tresom",
    "number": 35,
    "company_name": "Brainverse",
    "item": 3562,
    "ETH": 7.2
  },
  {
    "name": "Bamity",
    "number": 36,
    "company_name": "Roomm",
    "item": 5787,
    "ETH": 4.2
  },
  {
    "name": "Daltfresh",
    "number": 37,
    "company_name": "Browsecat",
    "item": 1795,
    "ETH": 1.9
  },
  {
    "name": "Otcom",
    "number": 38,
    "company_name": "Zoomdog",
    "item": 1326,
    "ETH": 1.3
  },
  {
    "name": "Tres-Zap",
    "number": 39,
    "company_name": "Fadeo",
    "item": 2934,
    "ETH": 5.4
  },
  {
    "name": "Zoolab",
    "number": 40,
    "company_name": "Innojam",
    "item": 2374,
    "ETH": 4.9
  },
  {
    "name": "Holdlamis",
    "number": 41,
    "company_name": "Feedfish",
    "item": 5883,
    "ETH": 7.2
  },
  {
    "name": "Domainer",
    "number": 42,
    "company_name": "Voolith",
    "item": 7744,
    "ETH": 4.8
  },
  {
    "name": "Home Ing",
    "number": 43,
    "company_name": "Camimbo",
    "item": 1624,
    "ETH": 3.9
  },
  {
    "name": "Transcof",
    "number": 44,
    "company_name": "Meedoo",
    "item": 5149,
    "ETH": 8.6
  },
  {
    "name": "Prodder",
    "number": 45,
    "company_name": "Twiyo",
    "item": 3808,
    "ETH": 1.6
  },
  {
    "name": "Transcof",
    "number": 46,
    "company_name": "Lajo",
    "item": 4724,
    "ETH": 8.4
  },
  {
    "name": "Zathin",
    "number": 47,
    "company_name": "Blognation",
    "item": 3852,
    "ETH": 5.1
  },
  {
    "name": "Lotstring",
    "number": 48,
    "company_name": "Browsetype",
    "item": 5187,
    "ETH": 5.9
  },
  {
    "name": "Mat Lam Tam",
    "number": 49,
    "company_name": "Brainlounge",
    "item": 4844,
    "ETH": 2.3
  },
  {
    "name": "Asoka",
    "number": 50,
    "company_name": "Omba",
    "item": 7076,
    "ETH": 8.0
  },
  {
    "name": "Andalax",
    "number": 51,
    "company_name": "Devify",
    "item": 7584,
    "ETH": 3.7
  },
  {
    "name": "Home Ing",
    "number": 52,
    "company_name": "Zoozzy",
    "item": 6356,
    "ETH": 7.6
  },
  {
    "name": "Voltsillam",
    "number": 53,
    "company_name": "Skyndu",
    "item": 5395,
    "ETH": 3.8
  },
  {
    "name": "Fintone",
    "number": 54,
    "company_name": "Kwilith",
    "item": 4144,
    "ETH": 5.4
  },
  {
    "name": "Overhold",
    "number": 55,
    "company_name": "Kaymbo",
    "item": 4533,
    "ETH": 4.8
  },
  {
    "name": "Job",
    "number": 56,
    "company_name": "Devpoint",
    "item": 6142,
    "ETH": 6.8
  },
  {
    "name": "Tres-Zap",
    "number": 57,
    "company_name": "Devpoint",
    "item": 3056,
    "ETH": 6.7
  },
  {
    "name": "Keylex",
    "number": 58,
    "company_name": "Buzzdog",
    "item": 5939,
    "ETH": 3.0
  },
  {
    "name": "Tempsoft",
    "number": 59,
    "company_name": "Tazzy",
    "item": 7819,
    "ETH": 8.3
  },
  {
    "name": "Trippledex",
    "number": 60,
    "company_name": "Mymm",
    "item": 5372,
    "ETH": 3.0
  },
  {
    "name": "Redhold",
    "number": 61,
    "company_name": "Centimia",
    "item": 5279,
    "ETH": 8.0
  },
  {
    "name": "Pannier",
    "number": 62,
    "company_name": "LiveZ",
    "item": 1906,
    "ETH": 2.0
  },
  {
    "name": "Matsoft",
    "number": 63,
    "company_name": "Mynte",
    "item": 5924,
    "ETH": 6.1
  },
  {
    "name": "Andalax",
    "number": 64,
    "company_name": "Oba",
    "item": 3599,
    "ETH": 7.0
  },
  {
    "name": "Zamit",
    "number": 65,
    "company_name": "Blogpad",
    "item": 5954,
    "ETH": 8.8
  },
  {
    "name": "Bytecard",
    "number": 66,
    "company_name": "Babbleopia",
    "item": 5454,
    "ETH": 2.8
  },
  {
    "name": "Sub-Ex",
    "number": 67,
    "company_name": "Skipstorm",
    "item": 1057,
    "ETH": 4.4
  },
  {
    "name": "Domainer",
    "number": 68,
    "company_name": "Gevee",
    "item": 2852,
    "ETH": 1.6
  },
  {
    "name": "Greenlam",
    "number": 69,
    "company_name": "Vidoo",
    "item": 3536,
    "ETH": 7.1
  },
  {
    "name": "Toughjoyfax",
    "number": 70,
    "company_name": "Meevee",
    "item": 2361,
    "ETH": 7.2
  },
  {
    "name": "Voyatouch",
    "number": 71,
    "company_name": "Trilith",
    "item": 1338,
    "ETH": 2.0
  },
  {
    "name": "Bamity",
    "number": 72,
    "company_name": "Dabfeed",
    "item": 3896,
    "ETH": 8.9
  },
  {
    "name": "Zaam-Dox",
    "number": 73,
    "company_name": "Quimba",
    "item": 1354,
    "ETH": 6.0
  },
  {
    "name": "Fintone",
    "number": 74,
    "company_name": "Edgeblab",
    "item": 2355,
    "ETH": 8.9
  },
  {
    "name": "Konklab",
    "number": 75,
    "company_name": "Camimbo",
    "item": 3774,
    "ETH": 9.4
  },
  {
    "name": "Fixflex",
    "number": 76,
    "company_name": "Quaxo",
    "item": 2407,
    "ETH": 4.9
  },
  {
    "name": "Biodex",
    "number": 77,
    "company_name": "Realbuzz",
    "item": 4010,
    "ETH": 5.8
  },
  {
    "name": "Bigtax",
    "number": 78,
    "company_name": "Teklist",
    "item": 5576,
    "ETH": 6.2
  },
  {
    "name": "Treeflex",
    "number": 79,
    "company_name": "Youspan",
    "item": 2733,
    "ETH": 9.0
  },
  {
    "name": "Hatity",
    "number": 80,
    "company_name": "Vipe",
    "item": 5147,
    "ETH": 2.3
  },
  {
    "name": "Bytecard",
    "number": 81,
    "company_name": "Eamia",
    "item": 2951,
    "ETH": 7.4
  },
  {
    "name": "Veribet",
    "number": 82,
    "company_name": "Blognation",
    "item": 1982,
    "ETH": 5.1
  },
  {
    "name": "Zontrax",
    "number": 83,
    "company_name": "Meedoo",
    "item": 4244,
    "ETH": 3.8
  },
  {
    "name": "Sonair",
    "number": 84,
    "company_name": "Blognation",
    "item": 4718,
    "ETH": 10.0
  },
  {
    "name": "Ventosanzap",
    "number": 85,
    "company_name": "Zoonoodle",
    "item": 5491,
    "ETH": 3.5
  },
  {
    "name": "Greenlam",
    "number": 86,
    "company_name": "Buzzdog",
    "item": 6809,
    "ETH": 8.7
  },
  {
    "name": "Wrapsafe",
    "number": 87,
    "company_name": "Dynava",
    "item": 5035,
    "ETH": 3.5
  },
  {
    "name": "Flexidy",
    "number": 88,
    "company_name": "Buzzshare",
    "item": 1988,
    "ETH": 5.4
  },
  {
    "name": "Asoka",
    "number": 89,
    "company_name": "Linkbridge",
    "item": 6882,
    "ETH": 8.9
  },
  {
    "name": "Tampflex",
    "number": 90,
    "company_name": "Chatterpoint",
    "item": 7212,
    "ETH": 6.6
  },
  {
    "name": "Wrapsafe",
    "number": 91,
    "company_name": "Agivu",
    "item": 7028,
    "ETH": 4.5
  },
  {
    "name": "Regrant",
    "number": 92,
    "company_name": "Devify",
    "item": 7765,
    "ETH": 1.3
  },
  {
    "name": "Cookley",
    "number": 93,
    "company_name": "Pixonyx",
    "item": 3732,
    "ETH": 5.4
  },
  {
    "name": "Gembucket",
    "number": 94,
    "company_name": "Agivu",
    "item": 1110,
    "ETH": 8.3
  },
  {
    "name": "Solarbreeze",
    "number": 95,
    "company_name": "Voonix",
    "item": 5135,
    "ETH": 9.1
  },
  {
    "name": "Y-Solowarm",
    "number": 96,
    "company_name": "Wikibox",
    "item": 1960,
    "ETH": 8.6
  },
  {
    "name": "Veribet",
    "number": 97,
    "company_name": "Buzzdog",
    "item": 4603,
    "ETH": 3.2
  },
  {
    "name": "Lotlux",
    "number": 98,
    "company_name": "Aibox",
    "item": 1270,
    "ETH": 7.3
  },
  {
    "name": "Stim",
    "number": 99,
    "company_name": "Trudeo",
    "item": 3867,
    "ETH": 7.2
  },
  {
    "name": "Konklux",
    "number": 100,
    "company_name": "Topdrive",
    "item": 6245,
    "ETH": 1.5
  }
]