[
  {
    "name": "Waelchi, Schmeler and Kovacek",
    "location": "Apt 291",
    "category": "Casework",
    "email": "hkeyson0@naver.com",
    "phone_number": "0766140075"
  },
  {
    "name": "Tillman, Stiedemann and Dietrich",
    "location": "8th Floor",
    "category": "Overhead Doors",
    "email": "rbrighouse1@apple.com",
    "phone_number": "9302972445"
  },
  {
    "name": "Champlin, Terry and Jaskolski",
    "location": "Suite 42",
    "category": "Curb & Gutter",
    "email": "ctratton2@blinklist.com",
    "phone_number": "5481284154"
  },
  {
    "name": "Jacobi-Hauck",
    "location": "PO Box 46992",
    "category": "Elevator",
    "email": "ldancer3@4shared.com",
    "phone_number": "8148211027"
  },
  {
    "name": "Donnelly, Hahn and O'Hara",
    "location": "Suite 9",
    "category": "Fire Sprinkler System",
    "email": "ewoodyear4@mediafire.com",
    "phone_number": "7786719520"
  },
  {
    "name": "Wintheiser Inc",
    "location": "PO Box 42188",
    "category": "Structural & Misc Steel Erection",
    "email": "hcescotti5@cnn.com",
    "phone_number": "0970122527"
  },
  {
    "name": "Feest LLC",
    "location": "Suite 26",
    "category": "Casework",
    "email": "lwitch6@ucla.edu",
    "phone_number": "0426328329"
  },
  {
    "name": "Luettgen-Little",
    "location": "4th Floor",
    "category": "Plumbing & Medical Gas",
    "email": "mbramley7@addthis.com",
    "phone_number": "8469501488"
  },
  {
    "name": "Gibson, Miller and Rippin",
    "location": "19th Floor",
    "category": "Wall Protection",
    "email": "dgrahlman8@uol.com.br",
    "phone_number": "4716939790"
  },
  {
    "name": "Bergstrom-Hills",
    "location": "PO Box 10549",
    "category": "Elevator",
    "email": "dyarwood9@nsw.gov.au",
    "phone_number": "9274898207"
  },
  {
    "name": "Fisher, Sawayn and Hamill",
    "location": "Room 1204",
    "category": "Rebar & Wire Mesh Install",
    "email": "mbessa@weebly.com",
    "phone_number": "2907289454"
  },
  {
    "name": "Tremblay, Stiedemann and Ferry",
    "location": "Apt 1890",
    "category": "Roofing (Metal)",
    "email": "dbennisonb@ow.ly",
    "phone_number": "0523905475"
  },
  {
    "name": "Maggio-Becker",
    "location": "Room 1554",
    "category": "Exterior Signage",
    "email": "nsarfassc@cloudflare.com",
    "phone_number": "2108291652"
  },
  {
    "name": "Cartwright, Casper and Murazik",
    "location": "PO Box 13787",
    "category": "Electrical and Fire Alarm",
    "email": "hmacgeaneyd@tumblr.com",
    "phone_number": "3967293084"
  },
  {
    "name": "Schamberger, Veum and Heidenreich",
    "location": "Room 438",
    "category": "Retaining Wall and Brick Pavers",
    "email": "sphilippsone@sun.com",
    "phone_number": "8327495488"
  },
  {
    "name": "Mitchell and Sons",
    "location": "Apt 734",
    "category": "Site Furnishings",
    "email": "jgrunderf@gov.uk",
    "phone_number": "0651719399"
  },
  {
    "name": "Brekke Inc",
    "location": "Suite 82",
    "category": "Roofing (Asphalt)",
    "email": "cwiging@google.nl",
    "phone_number": "7353178167"
  },
  {
    "name": "Muller-Roberts",
    "location": "13th Floor",
    "category": "Fire Protection",
    "email": "idrinkhillh@mozilla.org",
    "phone_number": "8061638800"
  },
  {
    "name": "Daugherty-Hilll",
    "location": "6th Floor",
    "category": "Soft Flooring and Base",
    "email": "icolleri@pinterest.com",
    "phone_number": "2167931271"
  },
  {
    "name": "Ruecker, Wilderman and Pfannerstill",
    "location": "1st Floor",
    "category": "Elevator",
    "email": "tcollisonj@irs.gov",
    "phone_number": "1761839284"
  },
  {
    "name": "Kreiger-Herman",
    "location": "Apt 1793",
    "category": "Asphalt Paving",
    "email": "yeglingtonk@usgs.gov",
    "phone_number": "6881426518"
  },
  {
    "name": "Ondricka Group",
    "location": "Room 297",
    "category": "Doors, Frames & Hardware",
    "email": "kwhetherl@census.gov",
    "phone_number": "5820748565"
  },
  {
    "name": "Stanton-McKenzie",
    "location": "Apt 1915",
    "category": "Elevator",
    "email": "jmclewdm@nature.com",
    "phone_number": "0907534376"
  },
  {
    "name": "Kemmer and Sons",
    "location": "Apt 1284",
    "category": "Temp Fencing, Decorative Fencing and Gates",
    "email": "msouthamn@bbc.co.uk",
    "phone_number": "9321715738"
  },
  {
    "name": "Dickens Group",
    "location": "Apt 800",
    "category": "Soft Flooring and Base",
    "email": "mtincknello@msu.edu",
    "phone_number": "5042580905"
  },
  {
    "name": "Nienow, Fritsch and Tremblay",
    "location": "Room 1093",
    "category": "Plumbing & Medical Gas",
    "email": "nhouldcroftp@dmoz.org",
    "phone_number": "4974765523"
  },
  {
    "name": "Hand, Auer and Mitchell",
    "location": "2nd Floor",
    "category": "Sitework & Site Utilities",
    "email": "ibarrackq@mayoclinic.com",
    "phone_number": "9772828294"
  },
  {
    "name": "Kohler, Hodkiewicz and Nikolaus",
    "location": "PO Box 67762",
    "category": "Roofing (Metal)",
    "email": "mgumlyr@adobe.com",
    "phone_number": "2084110939"
  },
  {
    "name": "Abshire-Emmerich",
    "location": "Apt 1937",
    "category": "RF Shielding",
    "email": "wdakes@shop-pro.jp",
    "phone_number": "7383005406"
  },
  {
    "name": "Considine, Rempel and Prohaska",
    "location": "2nd Floor",
    "category": "Fire Sprinkler System",
    "email": "jirvinet@google.de",
    "phone_number": "0841218048"
  },
  {
    "name": "Gleason and Sons",
    "location": "17th Floor",
    "category": "Casework",
    "email": "nlatliffu@jigsy.com",
    "phone_number": "8462282691"
  },
  {
    "name": "Medhurst, Berge and Hoeger",
    "location": "Room 1841",
    "category": "Landscaping & Irrigation",
    "email": "pondrasekv@fda.gov",
    "phone_number": "3250402257"
  },
  {
    "name": "Mayert, O'Conner and Kirlin",
    "location": "Suite 49",
    "category": "Temp Fencing, Decorative Fencing and Gates",
    "email": "hbulmanw@mlb.com",
    "phone_number": "2667986849"
  },
  {
    "name": "Lebsack-Becker",
    "location": "PO Box 68969",
    "category": "Masonry",
    "email": "pwilgarx@dot.gov",
    "phone_number": "2160805327"
  },
  {
    "name": "Paucek Group",
    "location": "Apt 1741",
    "category": "Framing (Steel)",
    "email": "rjandely@miibeian.gov.cn",
    "phone_number": "9114633302"
  },
  {
    "name": "Tromp-Marquardt",
    "location": "Room 603",
    "category": "Ornamental Railings",
    "email": "shallgatez@soundcloud.com",
    "phone_number": "7896365073"
  },
  {
    "name": "Crist, Barrows and Farrell",
    "location": "Suite 68",
    "category": "Wall Protection",
    "email": "tbernet10@dion.ne.jp",
    "phone_number": "2736554019"
  },
  {
    "name": "Kuphal and Sons",
    "location": "Suite 85",
    "category": "Wall Protection",
    "email": "cdixcee11@parallels.com",
    "phone_number": "9442103903"
  },
  {
    "name": "Muller-Schmitt",
    "location": "Apt 200",
    "category": "Marlite Panels (FED)",
    "email": "ecoghlan12@nifty.com",
    "phone_number": "2605627179"
  },
  {
    "name": "Daugherty, Leffler and Kautzer",
    "location": "PO Box 21872",
    "category": "Termite Control",
    "email": "pkelmere13@pagesperso-orange.fr",
    "phone_number": "5801267700"
  },
  {
    "name": "Graham-Turcotte",
    "location": "Suite 87",
    "category": "Prefabricated Aluminum Metal Canopies",
    "email": "khuikerby14@nih.gov",
    "phone_number": "9487703683"
  },
  {
    "name": "Stracke, Schiller and Schaefer",
    "location": "Apt 1066",
    "category": "Granite Surfaces",
    "email": "msumpton15@pcworld.com",
    "phone_number": "5700688522"
  },
  {
    "name": "Donnelly LLC",
    "location": "PO Box 76683",
    "category": "Hard Tile & Stone",
    "email": "mivanusyev16@tiny.cc",
    "phone_number": "0155114735"
  },
  {
    "name": "Kulas, Rosenbaum and Kihn",
    "location": "Apt 373",
    "category": "Electrical and Fire Alarm",
    "email": "calti17@jugem.jp",
    "phone_number": "2066179159"
  },
  {
    "name": "Kuhlman-Powlowski",
    "location": "Room 1829",
    "category": "Ornamental Railings",
    "email": "vellington18@alibaba.com",
    "phone_number": "0410426652"
  },
  {
    "name": "Bogisich and Sons",
    "location": "Room 1190",
    "category": "RF Shielding",
    "email": "bpaske19@dagondesign.com",
    "phone_number": "5431968491"
  },
  {
    "name": "White, Ondricka and Hettinger",
    "location": "Room 1606",
    "category": "Overhead Doors",
    "email": "bpurkess1a@slideshare.net",
    "phone_number": "6421036929"
  },
  {
    "name": "Marquardt Group",
    "location": "Room 1573",
    "category": "Ornamental Railings",
    "email": "euglow1b@sohu.com",
    "phone_number": "6602678043"
  },
  {
    "name": "Dibbert, Rippin and Block",
    "location": "6th Floor",
    "category": "Electrical and Fire Alarm",
    "email": "dkingcote1c@google.com",
    "phone_number": "0457934301"
  },
  {
    "name": "McClure, Dicki and Brekke",
    "location": "Apt 1722",
    "category": "Fire Protection",
    "email": "teccleshall1d@nytimes.com",
    "phone_number": "1248501632"
  },
  {
    "name": "Padberg, Grant and Hilll",
    "location": "Suite 39",
    "category": "Overhead Doors",
    "email": "dgermain1e@wufoo.com",
    "phone_number": "3448576077"
  },
  {
    "name": "Hermiston, Considine and Leuschke",
    "location": "PO Box 96945",
    "category": "Soft Flooring and Base",
    "email": "hpires1f@ask.com",
    "phone_number": "2427378992"
  },
  {
    "name": "Nicolas Group",
    "location": "Suite 14",
    "category": "Drywall & Acoustical (FED)",
    "email": "jdreghorn1g@studiopress.com",
    "phone_number": "9068797581"
  },
  {
    "name": "Becker-Sauer",
    "location": "Apt 1310",
    "category": "HVAC",
    "email": "ecarnall1h@sciencedirect.com",
    "phone_number": "7679789762"
  },
  {
    "name": "Treutel and Sons",
    "location": "13th Floor",
    "category": "Asphalt Paving",
    "email": "wstrutz1i@sogou.com",
    "phone_number": "4520837766"
  },
  {
    "name": "Connelly-Wolf",
    "location": "Room 918",
    "category": "HVAC",
    "email": "dennals1j@ezinearticles.com",
    "phone_number": "4504440113"
  },
  {
    "name": "Ernser-Hayes",
    "location": "Suite 51",
    "category": "Masonry",
    "email": "bmccall1k@fastcompany.com",
    "phone_number": "1710801824"
  },
  {
    "name": "Carter, Kohler and Funk",
    "location": "Suite 42",
    "category": "Casework",
    "email": "bmarielle1l@microsoft.com",
    "phone_number": "0813373182"
  },
  {
    "name": "Mraz Inc",
    "location": "Suite 51",
    "category": "RF Shielding",
    "email": "tdrinkhill1m@ebay.com",
    "phone_number": "7649349322"
  },
  {
    "name": "Murray LLC",
    "location": "16th Floor",
    "category": "Epoxy Flooring",
    "email": "cworlidge1n@boston.com",
    "phone_number": "0367224291"
  },
  {
    "name": "Predovic, Hansen and Botsford",
    "location": "Room 677",
    "category": "Fire Protection",
    "email": "drann1o@so-net.ne.jp",
    "phone_number": "8682527626"
  },
  {
    "name": "Schaden-Leannon",
    "location": "Suite 70",
    "category": "Structural and Misc Steel (Fabrication)",
    "email": "kacaster1p@ebay.co.uk",
    "phone_number": "7742655128"
  },
  {
    "name": "Haley, Thiel and Hammes",
    "location": "Suite 99",
    "category": "Site Furnishings",
    "email": "mformoy1q@harvard.edu",
    "phone_number": "4601892430"
  },
  {
    "name": "Harvey-Conroy",
    "location": "Room 1306",
    "category": "Wall Protection",
    "email": "wswaffer1r@about.me",
    "phone_number": "7242736358"
  },
  {
    "name": "Keebler Inc",
    "location": "Apt 846",
    "category": "Marlite Panels (FED)",
    "email": "kkildahl1s@apache.org",
    "phone_number": "3992486788"
  },
  {
    "name": "Gorczany, Stroman and Frami",
    "location": "PO Box 53197",
    "category": "HVAC",
    "email": "kbrennon1t@123-reg.co.uk",
    "phone_number": "2934284204"
  },
  {
    "name": "Mertz-Stiedemann",
    "location": "Apt 965",
    "category": "EIFS",
    "email": "dgartenfeld1u@artisteer.com",
    "phone_number": "4585548904"
  },
  {
    "name": "Pouros and Sons",
    "location": "Room 1658",
    "category": "Drywall & Acoustical (MOB)",
    "email": "vcrinidge1v@adobe.com",
    "phone_number": "7559216226"
  },
  {
    "name": "Wilderman and Sons",
    "location": "Room 1302",
    "category": "Granite Surfaces",
    "email": "hstockings1w@photobucket.com",
    "phone_number": "7001080489"
  },
  {
    "name": "Osinski-Kiehn",
    "location": "6th Floor",
    "category": "Electrical",
    "email": "kdawtry1x@nasa.gov",
    "phone_number": "1519759312"
  },
  {
    "name": "Cartwright, Rice and Collins",
    "location": "Room 1746",
    "category": "HVAC",
    "email": "gberlin1y@mashable.com",
    "phone_number": "8427913761"
  },
  {
    "name": "Yundt-Watsica",
    "location": "PO Box 26784",
    "category": "Fire Protection",
    "email": "cdelatremoille1z@aboutads.info",
    "phone_number": "0257218807"
  },
  {
    "name": "Strosin LLC",
    "location": "Room 725",
    "category": "Prefabricated Aluminum Metal Canopies",
    "email": "klanigan20@ft.com",
    "phone_number": "3566528005"
  },
  {
    "name": "Watsica-Daugherty",
    "location": "Suite 38",
    "category": "Electrical and Fire Alarm",
    "email": "mlamping21@t-online.de",
    "phone_number": "9168531400"
  },
  {
    "name": "Hand Inc",
    "location": "PO Box 64856",
    "category": "Framing (Wood)",
    "email": "geberle22@yahoo.com",
    "phone_number": "8588653362"
  },
  {
    "name": "Ryan-Romaguera",
    "location": "Room 1205",
    "category": "Painting & Vinyl Wall Covering",
    "email": "mkay23@ask.com",
    "phone_number": "7100483174"
  },
  {
    "name": "Sporer, Bayer and Rippin",
    "location": "Suite 68",
    "category": "Epoxy Flooring",
    "email": "bnorwood24@dagondesign.com",
    "phone_number": "7344133601"
  },
  {
    "name": "Kris LLC",
    "location": "12th Floor",
    "category": "Masonry & Precast",
    "email": "hroffey25@jigsy.com",
    "phone_number": "0451279301"
  },
  {
    "name": "Wuckert LLC",
    "location": "Room 1038",
    "category": "Granite Surfaces",
    "email": "wricardon26@facebook.com",
    "phone_number": "3039446592"
  },
  {
    "name": "Nolan-Johnson",
    "location": "Room 648",
    "category": "Drywall & Acoustical (FED)",
    "email": "sgianulli27@barnesandnoble.com",
    "phone_number": "0601206282"
  },
  {
    "name": "Conn and Sons",
    "location": "5th Floor",
    "category": "Glass & Glazing",
    "email": "ataggett28@tumblr.com",
    "phone_number": "0548855412"
  },
  {
    "name": "Murazik Group",
    "location": "PO Box 98790",
    "category": "Roofing (Metal)",
    "email": "ebear29@so-net.ne.jp",
    "phone_number": "6239201502"
  },
  {
    "name": "Kuphal-Turcotte",
    "location": "Room 859",
    "category": "Prefabricated Aluminum Metal Canopies",
    "email": "gbradneck2a@cafepress.com",
    "phone_number": "6565426996"
  },
  {
    "name": "Langosh, Greenfelder and Cole",
    "location": "18th Floor",
    "category": "Doors, Frames & Hardware",
    "email": "ntarbert2b@reverbnation.com",
    "phone_number": "8682438542"
  },
  {
    "name": "Roob, Stoltenberg and Prosacco",
    "location": "Apt 772",
    "category": "Drilled Shafts",
    "email": "tedser2c@surveymonkey.com",
    "phone_number": "5579006616"
  },
  {
    "name": "Heathcote and Sons",
    "location": "PO Box 23024",
    "category": "Hard Tile & Stone",
    "email": "glaminman2d@cbslocal.com",
    "phone_number": "6436183337"
  },
  {
    "name": "Braun, Wisoky and Swift",
    "location": "PO Box 55896",
    "category": "Structural & Misc Steel Erection",
    "email": "jstone2e@umich.edu",
    "phone_number": "4106544415"
  },
  {
    "name": "Howell, Kilback and Runolfsson",
    "location": "8th Floor",
    "category": "Soft Flooring and Base",
    "email": "fgatteridge2f@miitbeian.gov.cn",
    "phone_number": "8695124088"
  },
  {
    "name": "Maggio Group",
    "location": "PO Box 31217",
    "category": "Framing (Wood)",
    "email": "qmarchbank2g@aboutads.info",
    "phone_number": "0397518471"
  },
  {
    "name": "Runte-Purdy",
    "location": "Room 706",
    "category": "Fire Sprinkler System",
    "email": "dmannion2h@shinystat.com",
    "phone_number": "3531873377"
  },
  {
    "name": "Block-Shanahan",
    "location": "9th Floor",
    "category": "Drywall & Acoustical (MOB)",
    "email": "hbatistelli2i@cbsnews.com",
    "phone_number": "0416851169"
  },
  {
    "name": "Stehr-Raynor",
    "location": "1st Floor",
    "category": "Termite Control",
    "email": "jtitcom2j@squarespace.com",
    "phone_number": "2068805790"
  },
  {
    "name": "Lynch-VonRueden",
    "location": "Apt 1986",
    "category": "Exterior Signage",
    "email": "doldey2k@wufoo.com",
    "phone_number": "6943591681"
  },
  {
    "name": "Hilpert Group",
    "location": "Apt 584",
    "category": "Epoxy Flooring",
    "email": "searwicker2l@t-online.de",
    "phone_number": "4748149140"
  },
  {
    "name": "Bergstrom, Yundt and Beier",
    "location": "Apt 442",
    "category": "Marlite Panels (FED)",
    "email": "cjaffray2m@tinypic.com",
    "phone_number": "6617036859"
  },
  {
    "name": "Ondricka-Hettinger",
    "location": "PO Box 49955",
    "category": "Ornamental Railings",
    "email": "hgerardin2n@yale.edu",
    "phone_number": "6294359252"
  },
  {
    "name": "Kihn-Erdman",
    "location": "13th Floor",
    "category": "Rebar & Wire Mesh Install",
    "email": "dminocchi2o@dyndns.org",
    "phone_number": "8286337689"
  },
  {
    "name": "Leannon Inc",
    "location": "Room 385",
    "category": "Framing (Wood)",
    "email": "lsnoding2p@slashdot.org",
    "phone_number": "4705972376"
  },
  {
    "name": "McCullough, Rempel and Jakubowski",
    "location": "Apt 338",
    "category": "Framing (Wood)",
    "email": "jleyre2q@jiathis.com",
    "phone_number": "6391569061"
  },
  {
    "name": "Grimes, Rosenbaum and Lemke",
    "location": "9th Floor",
    "category": "Soft Flooring and Base",
    "email": "jlismer2r@newsvine.com",
    "phone_number": "5416518294"
  }
]