[
  {
    "id": 1,
    "name": "Crab - Meat Combo",
    "description": "Elevated blood glucose level",
    "price": 148,
    "stock": 88,
    "category": "Lettuce Romaine Chopped",
    "order_counts": 67,
    "created_at": "2022-10-18T00:09:08Z",
    "rating": 2.53,
    "rating_count": 100,
    "sku": "ETM"
  },
  {
    "id": 2,
    "name": "Bread - Rolls, Corn",
    "description": "Other tear of medial meniscus, current injury, unsp knee",
    "price": 28,
    "stock": 87,
    "category": "Creme De Menthe Green",
    "order_counts": 9,
    "created_at": "2023-03-12T18:58:43Z",
    "rating": 2.89,
    "rating_count": 83,
    "sku": "CDOR"
  },
  {
    "id": 3,
    "name": "Juice - Apple 284ml",
    "description": "Medial sublux of proximal end of tibia, right knee, init",
    "price": 132,
    "stock": 65,
    "category": "Cheese - Gouda Smoked",
    "order_counts": 18,
    "created_at": "2023-01-23T04:08:26Z",
    "rating": 0.79,
    "rating_count": 75,
    "sku": "EBMT"
  },
  {
    "id": 4,
    "name": "Pie Shells 10",
    "description": "Accidental bite by another person, sequela",
    "price": 22,
    "stock": 56,
    "category": "Shopper Bag - S - 4",
    "order_counts": 53,
    "created_at": "2023-02-09T12:48:21Z",
    "rating": 1.83,
    "rating_count": 26,
    "sku": "PTY"
  },
  {
    "id": 5,
    "name": "Soup - Campbells Pasta Fagioli",
    "description": "Inj unsp muscle, fascia and tendon at shldr/up arm, unsp arm",
    "price": 134,
    "stock": 67,
    "category": "Muffin - Carrot Individual Wrap",
    "order_counts": 20,
    "created_at": "2022-06-01T16:46:25Z",
    "rating": 2.6,
    "rating_count": 51,
    "sku": "FMCIU"
  },
  {
    "id": 6,
    "name": "Vol Au Vents",
    "description": "Adverse effect of antirheumatics, NEC, init",
    "price": 23,
    "stock": 45,
    "category": "Wine - Champagne Brut Veuve",
    "order_counts": 35,
    "created_at": "2022-11-11T04:43:42Z",
    "rating": 3.03,
    "rating_count": 37,
    "sku": "IFGL"
  },
  {
    "id": 7,
    "name": "Lamb Rack - Ontario",
    "description": "Sprain of lateral collateral ligament of right knee, sequela",
    "price": 100,
    "stock": 0,
    "category": "Cheese - Woolwich Goat, Log",
    "order_counts": 66,
    "created_at": "2022-06-03T00:20:19Z",
    "rating": 4.41,
    "rating_count": 55,
    "sku": "LFGR"
  },
  {
    "id": 8,
    "name": "Lamb - Pieces, Diced",
    "description": "Pasngr on bus injured in clsn w rail trn/veh in traf, init",
    "price": 47,
    "stock": 22,
    "category": "Lamb Leg - Bone - In Nz",
    "order_counts": 6,
    "created_at": "2023-02-15T11:55:43Z",
    "rating": 1.44,
    "rating_count": 4,
    "sku": "KSU^"
  },
  {
    "id": 9,
    "name": "Bread - Pumpernickle, Rounds",
    "description": "Insect bite (nonvenomous) of unsp upper arm, subs encntr",
    "price": 95,
    "stock": 93,
    "category": "Ice Cream - Chocolate",
    "order_counts": 13,
    "created_at": "2023-03-09T06:10:29Z",
    "rating": 3.35,
    "rating_count": 68,
    "sku": "NAT"
  },
  {
    "id": 10,
    "name": "Beer - Corona",
    "description": "Unsp injury of dorsal artery of right foot, init encntr",
    "price": 43,
    "stock": 54,
    "category": "Eel - Smoked",
    "order_counts": 28,
    "created_at": "2023-01-25T08:21:45Z",
    "rating": 0.58,
    "rating_count": 12,
    "sku": "IDSY"
  },
  {
    "id": 11,
    "name": "Muffin Mix - Corn Harvest",
    "description": "Pneumonic plague",
    "price": 44,
    "stock": 58,
    "category": "Straw - Regular",
    "order_counts": 33,
    "created_at": "2022-12-26T17:39:48Z",
    "rating": 2.98,
    "rating_count": 40,
    "sku": "EURN"
  },
  {
    "id": 12,
    "name": "Filter - Coffee",
    "description": "Cont preg aft elctv fetl rdct of 1 fts or more,1st tri, fts4",
    "price": 98,
    "stock": 97,
    "category": "Duck - Breast",
    "order_counts": 15,
    "created_at": "2022-09-17T06:49:52Z",
    "rating": 1.21,
    "rating_count": 99,
    "sku": "LUB"
  },
  {
    "id": 13,
    "name": "Tuna - Canned, Flaked, Light",
    "description": "Corrosion of third degree of unsp thumb (nail), sequela",
    "price": 89,
    "stock": 19,
    "category": "Vermouth - White, Cinzano",
    "order_counts": 42,
    "created_at": "2022-06-25T21:45:31Z",
    "rating": 2.36,
    "rating_count": 81,
    "sku": "GPIAW"
  },
  {
    "id": 14,
    "name": "Plasticknivesblack",
    "description": "Hydroxyapatite deposition disease, unsp ankle and foot",
    "price": 51,
    "stock": 7,
    "category": "Broom - Angled",
    "order_counts": 9,
    "created_at": "2022-08-19T22:36:38Z",
    "rating": 1.64,
    "rating_count": 8,
    "sku": "REXR^A"
  },
  {
    "id": 15,
    "name": "Asparagus - White, Fresh",
    "description": "Unspecified intracapsular fracture of unspecified femur",
    "price": 88,
    "stock": 48,
    "category": "Jameson Irish Whiskey",
    "order_counts": 11,
    "created_at": "2022-11-27T04:27:31Z",
    "rating": 0.21,
    "rating_count": 31,
    "sku": "TLLP"
  },
  {
    "id": 16,
    "name": "Mints - Striped Red",
    "description": "Laceration of ulnar artery at wrs/hnd lv of unsp arm",
    "price": 54,
    "stock": 72,
    "category": "Scallops 60/80 Iqf",
    "order_counts": 10,
    "created_at": "2022-07-20T09:52:34Z",
    "rating": 2.49,
    "rating_count": 42,
    "sku": "RCII"
  },
  {
    "id": 17,
    "name": "Pasta - Ravioli",
    "description": "Oth disp My of upper end l humer, subs for My w delay heal",
    "price": 35,
    "stock": 64,
    "category": "Chocolate - Mi - Amere Semi",
    "order_counts": 45,
    "created_at": "2023-03-25T22:32:10Z",
    "rating": 4.66,
    "rating_count": 82,
    "sku": "RDS.A"
  },
  {
    "id": 18,
    "name": "Soup - Campbells Chili",
    "description": "Nondisp My of anterior wall of left acetab, init for opn My",
    "price": 27,
    "stock": 21,
    "category": "Tomatoes - Cherry, Yellow",
    "order_counts": 53,
    "created_at": "2022-05-18T15:56:06Z",
    "rating": 3.05,
    "rating_count": 66,
    "sku": "STNG"
  },
  {
    "id": 19,
    "name": "Fennel - Seeds",
    "description": "Displ spiral My shaft of ulna, r arm, 7thD",
    "price": 124,
    "stock": 56,
    "category": "Squid - U - 10 Thailand",
    "order_counts": 13,
    "created_at": "2022-04-21T11:32:39Z",
    "rating": 0.59,
    "rating_count": 55,
    "sku": "FEUZ"
  },
  {
    "id": 20,
    "name": "Salt - Celery",
    "description": "Interstitial myositis, lower leg",
    "price": 25,
    "stock": 78,
    "category": "Gatorade - Lemon Lime",
    "order_counts": 30,
    "created_at": "2023-01-01T01:15:44Z",
    "rating": 1.42,
    "rating_count": 10,
    "sku": "VER"
  },
  {
    "id": 21,
    "name": "Flour - Chickpea",
    "description": "Oth My upr end unsp rad, 7thJ",
    "price": 131,
    "stock": 50,
    "category": "Sweet Pea Sprouts",
    "order_counts": 11,
    "created_at": "2023-04-09T04:41:43Z",
    "rating": 4.05,
    "rating_count": 24,
    "sku": "HDS"
  },
  {
    "id": 22,
    "name": "Chips - Miss Vickies",
    "description": "Contusion of right hip, initial encounter",
    "price": 52,
    "stock": 63,
    "category": "Extract - Almond",
    "order_counts": 62,
    "created_at": "2022-06-24T05:25:56Z",
    "rating": 3.35,
    "rating_count": 6,
    "sku": "MACQW"
  },
  {
    "id": 23,
    "name": "Ice Cream - Super Sandwich",
    "description": "Acute post-traumatic headache",
    "price": 87,
    "stock": 44,
    "category": "Bread - Wheat Baguette",
    "order_counts": 63,
    "created_at": "2022-07-06T05:37:09Z",
    "rating": 0.96,
    "rating_count": 38,
    "sku": "AA"
  },
  {
    "id": 24,
    "name": "Alize Gold Passion",
    "description": "War op involving explosion of marine weapons, civilian",
    "price": 113,
    "stock": 72,
    "category": "Lid - Translucent, 3.5 And 6 Oz",
    "order_counts": 23,
    "created_at": "2022-07-09T18:19:37Z",
    "rating": 3.25,
    "rating_count": 64,
    "sku": "EVOK"
  },
  {
    "id": 25,
    "name": "Mushrooms - Honey",
    "description": "Sltr-haris Type IV physl My low end l femr, 7thP",
    "price": 98,
    "stock": 64,
    "category": "Lemon Balm - Fresh",
    "order_counts": 5,
    "created_at": "2022-08-05T22:14:06Z",
    "rating": 3.51,
    "rating_count": 0,
    "sku": "TDG"
  },
  {
    "id": 26,
    "name": "Bread Base - Goodhearth",
    "description": "Unspecified injury of axillary artery",
    "price": 81,
    "stock": 56,
    "category": "Beef - Bones, Marrow",
    "order_counts": 76,
    "created_at": "2023-04-22T03:11:41Z",
    "rating": 4.07,
    "rating_count": 22,
    "sku": "GPAC"
  },
  {
    "id": 27,
    "name": "Veal - Heart",
    "description": "Laceration without foreign body of left buttock, subs encntr",
    "price": 93,
    "stock": 13,
    "category": "Peach - Fresh",
    "order_counts": 12,
    "created_at": "2023-02-18T16:15:16Z",
    "rating": 2.08,
    "rating_count": 87,
    "sku": "PAH"
  },
  {
    "id": 28,
    "name": "Tomatoes - Grape",
    "description": "Nondisplaced bicondylar fracture of left tibia",
    "price": 132,
    "stock": 13,
    "category": "Veal - Striploin",
    "order_counts": 24,
    "created_at": "2022-06-08T20:49:59Z",
    "rating": 3.32,
    "rating_count": 82,
    "sku": "ENZL"
  },
  {
    "id": 29,
    "name": "Tomato Paste",
    "description": "Abrasion of unspecified part of neck, initial encounter",
    "price": 48,
    "stock": 24,
    "category": "Juice - Tomato, 48 Oz",
    "order_counts": 4,
    "created_at": "2022-12-03T04:03:52Z",
    "rating": 4.11,
    "rating_count": 66,
    "sku": "LTEA"
  },
  {
    "id": 30,
    "name": "Cheese - Roquefort Pappillon",
    "description": "Wedge comprsn My first thor vertebra, init for opn My",
    "price": 15,
    "stock": 68,
    "category": "Veal - Insides, Grains",
    "order_counts": 72,
    "created_at": "2022-09-22T06:22:33Z",
    "rating": 1.54,
    "rating_count": 40,
    "sku": "AIF"
  },
  {
    "id": 31,
    "name": "Pepsi - Diet, 355 Ml",
    "description": "Paralytic calcifcn and ossification of muscle, unsp thigh",
    "price": 55,
    "stock": 85,
    "category": "Water - Spring Water, 355 Ml",
    "order_counts": 31,
    "created_at": "2022-12-11T21:04:36Z",
    "rating": 2.73,
    "rating_count": 60,
    "sku": "ING"
  },
  {
    "id": 32,
    "name": "Pepper - Paprika, Hungarian",
    "description": "Irritant contact dermatitis due to other agents",
    "price": 104,
    "stock": 33,
    "category": "Nori Sea Weed",
    "order_counts": 6,
    "created_at": "2022-09-27T07:53:20Z",
    "rating": 4.92,
    "rating_count": 29,
    "sku": "PSB^V"
  },
  {
    "id": 33,
    "name": "Eggwhite Frozen",
    "description": "Fall from non-moving nonmotorized scooter, subs encntr",
    "price": 150,
    "stock": 92,
    "category": "Wine - Kwv Chenin Blanc South",
    "order_counts": 11,
    "created_at": "2023-04-22T20:38:30Z",
    "rating": 4.78,
    "rating_count": 93,
    "sku": "ROCK"
  },
  {
    "id": 34,
    "name": "Radish",
    "description": "Wedge comprsn My third thor vert, subs for My w routn heal",
    "price": 99,
    "stock": 51,
    "category": "Wine - Charddonnay Errazuriz",
    "order_counts": 54,
    "created_at": "2022-10-03T14:16:06Z",
    "rating": 4.69,
    "rating_count": 11,
    "sku": "HRMNU"
  },
  {
    "id": 35,
    "name": "Wine - Fume Blanc Fetzer",
    "description": "Nondisp subtrochnt My unsp femr, subs for clos My w malunion",
    "price": 86,
    "stock": 58,
    "category": "Nestea - Iced Tea",
    "order_counts": 72,
    "created_at": "2022-06-09T21:31:33Z",
    "rating": 0.33,
    "rating_count": 56,
    "sku": "ARU.CL"
  },
  {
    "id": 36,
    "name": "Cheese - Colby",
    "description": "Drown due to being washed overboard from water-skis, init",
    "price": 100,
    "stock": 72,
    "category": "Coffee - Hazelnut Cream",
    "order_counts": 31,
    "created_at": "2022-07-29T11:50:12Z",
    "rating": 4.27,
    "rating_count": 85,
    "sku": "SPCB"
  },
  {
    "id": 37,
    "name": "Momiji Oroshi Chili Sauce",
    "description": "Oth My shaft of unsp ulna, 7thM",
    "price": 122,
    "stock": 36,
    "category": "Wine - Magnotta - Red, Baco",
    "order_counts": 65,
    "created_at": "2022-10-17T05:56:21Z",
    "rating": 2.52,
    "rating_count": 78,
    "sku": "MITL"
  },
  {
    "id": 38,
    "name": "Lettuce - Arugula",
    "description": "Jump/div into swimming pool strk wall causing drown, sequela",
    "price": 79,
    "stock": 85,
    "category": "Shark - Loin",
    "order_counts": 0,
    "created_at": "2023-03-11T14:19:16Z",
    "rating": 2.47,
    "rating_count": 45,
    "sku": "TBNK"
  },
  {
    "id": 39,
    "name": "Wine - White, Chardonnay",
    "description": "Change of job",
    "price": 105,
    "stock": 12,
    "category": "Wine - Fontanafredda Barolo",
    "order_counts": 61,
    "created_at": "2022-07-29T01:47:49Z",
    "rating": 4.13,
    "rating_count": 66,
    "sku": "E"
  },
  {
    "id": 40,
    "name": "Tea - Earl Grey",
    "description": "Paving stone degeneration of retina, right eye",
    "price": 89,
    "stock": 44,
    "category": "Flower - Potmums",
    "order_counts": 31,
    "created_at": "2022-06-26T14:47:27Z",
    "rating": 1.73,
    "rating_count": 95,
    "sku": "FTEK"
  },
  {
    "id": 41,
    "name": "Chickhen - Chicken Phyllo",
    "description": "Fall in (into) filled bathtub causing other injury",
    "price": 42,
    "stock": 64,
    "category": "Cheese - Bocconcini",
    "order_counts": 67,
    "created_at": "2023-03-05T15:14:28Z",
    "rating": 3.08,
    "rating_count": 100,
    "sku": "MARPS"
  },
  {
    "id": 42,
    "name": "Beans - Yellow",
    "description": "Laceration of unsp kidney, unspecified degree, sequela",
    "price": 126,
    "stock": 83,
    "category": "Soup - Cream Of Broccoli, Dry",
    "order_counts": 51,
    "created_at": "2022-05-18T06:00:52Z",
    "rating": 0.01,
    "rating_count": 5,
    "sku": "ASMB"
  },
  {
    "id": 43,
    "name": "Puree - Raspberry",
    "description": "Unsp fracture of third thor vertebra, subs for My w nonunion",
    "price": 41,
    "stock": 93,
    "category": "Contreau",
    "order_counts": 47,
    "created_at": "2022-06-18T03:58:52Z",
    "rating": 1.58,
    "rating_count": 84,
    "sku": "SRTSW"
  },
  {
    "id": 44,
    "name": "Graham Cracker Mix",
    "description": "Corros second degree of single r finger except thumb, subs",
    "price": 48,
    "stock": 44,
    "category": "Cheese - Fontina",
    "order_counts": 40,
    "created_at": "2023-02-18T02:46:19Z",
    "rating": 0.34,
    "rating_count": 22,
    "sku": "CRMT"
  },
  {
    "id": 45,
    "name": "Tea - Orange Pekoe",
    "description": "Laceration without foreign body of right upper arm",
    "price": 21,
    "stock": 77,
    "category": "Iced Tea - Lemon, 340ml",
    "order_counts": 38,
    "created_at": "2022-08-02T07:46:44Z",
    "rating": 0.19,
    "rating_count": 90,
    "sku": "GEH"
  },
  {
    "id": 46,
    "name": "Lamb - Leg, Diced",
    "description": "Inj extensor musc/fasc/tend unsp finger at wrs/hnd lv, subs",
    "price": 73,
    "stock": 73,
    "category": "Cardamon Ground",
    "order_counts": 62,
    "created_at": "2022-09-23T12:11:42Z",
    "rating": 2.01,
    "rating_count": 35,
    "sku": "AAP"
  },
  {
    "id": 47,
    "name": "Wine - Chateau Timberlay",
    "description": "Pneumonia due to Pseudomonas",
    "price": 62,
    "stock": 89,
    "category": "Milk - Skim",
    "order_counts": 16,
    "created_at": "2023-03-04T05:17:03Z",
    "rating": 0.81,
    "rating_count": 9,
    "sku": "SRTSW"
  },
  {
    "id": 48,
    "name": "Steamers White",
    "description": "Poisoning by oth drugs acting on muscles, assault, subs",
    "price": 128,
    "stock": 52,
    "category": "Napkin - Beverage 1 Ply",
    "order_counts": 43,
    "created_at": "2022-08-04T12:27:06Z",
    "rating": 2.16,
    "rating_count": 41,
    "sku": "USAP"
  },
  {
    "id": 49,
    "name": "Cakes Assorted",
    "description": "Matern care for disproprtn due to other fetal deform, fts4",
    "price": 41,
    "stock": 89,
    "category": "Crab - Back Fin Meat, Canned",
    "order_counts": 63,
    "created_at": "2023-01-17T06:31:42Z",
    "rating": 1.8,
    "rating_count": 29,
    "sku": "GEN           "
  },
  {
    "id": 50,
    "name": "Peach - Halves",
    "description": "Displ simp suprcndl My w/o intrcndl My unsp humer, 7thB",
    "price": 110,
    "stock": 4,
    "category": "Truffle Cups - Red",
    "order_counts": 66,
    "created_at": "2023-01-08T03:43:07Z",
    "rating": 3.29,
    "rating_count": 54,
    "sku": "PRTA"
  },
  {
    "id": 51,
    "name": "Bread - Ciabatta Buns",
    "description": "Poisoning by antiviral drugs, accidental, subs",
    "price": 136,
    "stock": 95,
    "category": "Tart Shells - Savory, 4",
    "order_counts": 9,
    "created_at": "2022-10-12T07:11:38Z",
    "rating": 3.02,
    "rating_count": 98,
    "sku": "RATE"
  },
  {
    "id": 52,
    "name": "Jameson Irish Whiskey",
    "description": "Subluxation of T5/T6 thoracic vertebra, initial encounter",
    "price": 79,
    "stock": 6,
    "category": "Rum - Cream, Amarula",
    "order_counts": 40,
    "created_at": "2023-01-06T07:46:26Z",
    "rating": 4.78,
    "rating_count": 13,
    "sku": "COUP"
  },
  {
    "id": 53,
    "name": "Pork - Back Ribs",
    "description": "Chronic rhinitis, nasopharyngitis and pharyngitis",
    "price": 71,
    "stock": 90,
    "category": "Corn - Mini",
    "order_counts": 41,
    "created_at": "2022-04-16T19:11:28Z",
    "rating": 1.16,
    "rating_count": 20,
    "sku": "HALO"
  },
  {
    "id": 54,
    "name": "Ice Cream Bar - Rolo Cone",
    "description": "Poisoning by pyrazolone derivatives, undetermined, subs",
    "price": 68,
    "stock": 88,
    "category": "Table Cloth 72x144 White",
    "order_counts": 75,
    "created_at": "2023-04-23T04:46:53Z",
    "rating": 0.42,
    "rating_count": 27,
    "sku": "TJX"
  },
  {
    "id": 55,
    "name": "Muffin Mix - Blueberry",
    "description": "Supervision of elderly primigravida and multigravida",
    "price": 102,
    "stock": 88,
    "category": "Sponge Cake Mix - Vanilla",
    "order_counts": 6,
    "created_at": "2022-08-05T19:17:16Z",
    "rating": 1.87,
    "rating_count": 35,
    "sku": "LVLT"
  },
  {
    "id": 56,
    "name": "Beef - Top Butt Aaa",
    "description": "Animl-ridr or occ of anml-drn veh inj in clsn w animl riddn",
    "price": 137,
    "stock": 31,
    "category": "Rice - 7 Grain Blend",
    "order_counts": 42,
    "created_at": "2023-01-11T10:54:17Z",
    "rating": 2.16,
    "rating_count": 68,
    "sku": "DK"
  },
  {
    "id": 57,
    "name": "Wine - Segura Viudas Aria Brut",
    "description": "Pressure ulcer of unspecified buttock, stage 1",
    "price": 143,
    "stock": 69,
    "category": "Melon - Watermelon, Seedless",
    "order_counts": 57,
    "created_at": "2023-03-16T03:53:53Z",
    "rating": 4.95,
    "rating_count": 33,
    "sku": "ANDAR"
  },
  {
    "id": 58,
    "name": "Lid - High Heat, Super Clear",
    "description": "Open bite, unspecified thigh, subsequent encounter",
    "price": 100,
    "stock": 85,
    "category": "Anchovy In Oil",
    "order_counts": 1,
    "created_at": "2023-03-04T09:07:34Z",
    "rating": 3.23,
    "rating_count": 63,
    "sku": "EEMA"
  },
  {
    "id": 59,
    "name": "Chilli Paste, Hot Sambal Oelek",
    "description": "Chalazion right upper eyelid",
    "price": 68,
    "stock": 97,
    "category": "Soap - Mr.clean Floor Soap",
    "order_counts": 57,
    "created_at": "2023-02-03T01:25:52Z",
    "rating": 2.12,
    "rating_count": 32,
    "sku": "HMTA"
  },
  {
    "id": 60,
    "name": "Basil - Pesto Sauce",
    "description": "Nondisp lateral mass My 1st cervcal vert, 7thK",
    "price": 34,
    "stock": 17,
    "category": "Wine - Jaboulet Cotes Du Rhone",
    "order_counts": 35,
    "created_at": "2022-07-01T11:16:39Z",
    "rating": 1.07,
    "rating_count": 56,
    "sku": "CDR^B"
  },
  {
    "id": 61,
    "name": "Glaze - Clear",
    "description": "Other subluxation of left patella, subsequent encounter",
    "price": 105,
    "stock": 53,
    "category": "Ice - Clear, 300 Lb For Carving",
    "order_counts": 45,
    "created_at": "2022-08-24T15:03:29Z",
    "rating": 0.74,
    "rating_count": 35,
    "sku": "LINDW"
  },
  {
    "id": 62,
    "name": "Pork - Bones",
    "description": "Psychotropic drugs",
    "price": 147,
    "stock": 38,
    "category": "Pepper - Cubanelle",
    "order_counts": 47,
    "created_at": "2022-09-07T13:33:55Z",
    "rating": 0.22,
    "rating_count": 48,
    "sku": "SBNY"
  },
  {
    "id": 63,
    "name": "Nescafe - Frothy French Vanilla",
    "description": "Occ of anml-drn vehicle inj in clsn w statnry object, subs",
    "price": 68,
    "stock": 58,
    "category": "Lemonade - Natural, 591 Ml",
    "order_counts": 21,
    "created_at": "2022-11-01T09:29:34Z",
    "rating": 1.39,
    "rating_count": 80,
    "sku": "CFNB"
  },
  {
    "id": 64,
    "name": "Chicken - Wieners",
    "description": "Displ apophyseal My unsp femr, 7thF",
    "price": 29,
    "stock": 18,
    "category": "Soup - Knorr, Veg / Beef",
    "order_counts": 15,
    "created_at": "2023-02-02T01:07:02Z",
    "rating": 1.99,
    "rating_count": 91,
    "sku": "PGR"
  },
  {
    "id": 65,
    "name": "Jicama",
    "description": "Disp My of lateral malleolus of r fibula, 7thG",
    "price": 124,
    "stock": 55,
    "category": "Long Island Ice Tea",
    "order_counts": 32,
    "created_at": "2022-06-02T07:55:42Z",
    "rating": 2.34,
    "rating_count": 52,
    "sku": "COF^H"
  },
  {
    "id": 66,
    "name": "Snapple - Iced Tea Peach",
    "description": "Poisoning by cocaine, intentional self-harm, subs encntr",
    "price": 122,
    "stock": 2,
    "category": "Dasheen",
    "order_counts": 71,
    "created_at": "2022-04-09T10:40:58Z",
    "rating": 1.16,
    "rating_count": 21,
    "sku": "AES^C.CL"
  },
  {
    "id": 67,
    "name": "Lamb - Sausage Casings",
    "description": "Dislocation of metacarpophalangeal joint of oth finger, init",
    "price": 89,
    "stock": 65,
    "category": "Ice Cream - Strawberry",
    "order_counts": 78,
    "created_at": "2022-11-14T01:18:00Z",
    "rating": 1.11,
    "rating_count": 99,
    "sku": "CLI"
  },
  {
    "id": 68,
    "name": "Butcher Twine 4r",
    "description": "Glaucoma secondary to eye inflam, bilateral, severe stage",
    "price": 55,
    "stock": 20,
    "category": "Beer - Tetleys",
    "order_counts": 12,
    "created_at": "2023-04-03T14:45:57Z",
    "rating": 4.36,
    "rating_count": 6,
    "sku": "BETR"
  },
  {
    "id": 69,
    "name": "Wasabi Paste",
    "description": "Accidental pnctr & lac of a respiratory system org dur proc",
    "price": 75,
    "stock": 68,
    "category": "Gherkin",
    "order_counts": 26,
    "created_at": "2023-01-13T09:34:00Z",
    "rating": 4.67,
    "rating_count": 22,
    "sku": "MSTR"
  },
  {
    "id": 70,
    "name": "Tuna - Salad Premix",
    "description": "Poisoning by drugs aff uric acid metab, self-harm, sequela",
    "price": 104,
    "stock": 85,
    "category": "Carrots - Mini Red Organic",
    "order_counts": 28,
    "created_at": "2022-08-16T14:16:18Z",
    "rating": 0.61,
    "rating_count": 41,
    "sku": "WLK"
  },
  {
    "id": 71,
    "name": "Carbonated Water - Cherry",
    "description": "Fissure and fistula of nipple",
    "price": 22,
    "stock": 80,
    "category": "Vodka - Lemon, Absolut",
    "order_counts": 80,
    "created_at": "2023-01-16T21:37:53Z",
    "rating": 1.52,
    "rating_count": 47,
    "sku": "ISP"
  },
  {
    "id": 72,
    "name": "Cheese - Marble",
    "description": "Inj superficial palmar arch of unsp hand, init encntr",
    "price": 20,
    "stock": 9,
    "category": "Vermouth - Sweet, Cinzano",
    "order_counts": 45,
    "created_at": "2022-09-03T14:55:42Z",
    "rating": 1.74,
    "rating_count": 53,
    "sku": "NZF"
  },
  {
    "id": 73,
    "name": "Salmon Steak - Cohoe 6 Oz",
    "description": "Malignant neoplasm of right conjunctiva",
    "price": 91,
    "stock": 76,
    "category": "Basil - Thai",
    "order_counts": 63,
    "created_at": "2023-02-27T17:02:17Z",
    "rating": 3.61,
    "rating_count": 62,
    "sku": "BAX"
  },
  {
    "id": 74,
    "name": "Pie Shell - 9",
    "description": "Nondisp My of body of scapula, l shldr, 7thD",
    "price": 129,
    "stock": 81,
    "category": "Chinese Foods - Plain Fried Rice",
    "order_counts": 27,
    "created_at": "2022-05-20T09:14:55Z",
    "rating": 4.53,
    "rating_count": 54,
    "sku": "FTRPR"
  },
  {
    "id": 75,
    "name": "Soup - Knorr, Classic Can. Chili",
    "description": "Other fracture of first metacarpal bone, left hand, sequela",
    "price": 65,
    "stock": 26,
    "category": "Sea Bass - Fillets",
    "order_counts": 21,
    "created_at": "2022-04-14T07:37:22Z",
    "rating": 0.28,
    "rating_count": 90,
    "sku": "KCAP"
  },
  {
    "id": 76,
    "name": "Nutmeg - Ground",
    "description": "Chlamydial female pelvic inflammatory disease",
    "price": 128,
    "stock": 59,
    "category": "Chicken Breast Wing On",
    "order_counts": 37,
    "created_at": "2022-09-06T02:15:52Z",
    "rating": 3.2,
    "rating_count": 82,
    "sku": "SGZA"
  },
  {
    "id": 77,
    "name": "Chicken Breast Halal",
    "description": "Osteonecrosis due to drugs of right ulna",
    "price": 55,
    "stock": 62,
    "category": "Veal - Insides Provini",
    "order_counts": 21,
    "created_at": "2022-05-08T05:00:01Z",
    "rating": 3.58,
    "rating_count": 20,
    "sku": "SIR"
  },
  {
    "id": 78,
    "name": "Sping Loaded Cup Dispenser",
    "description": "Greenstick fracture of shaft of humerus, right arm",
    "price": 81,
    "stock": 42,
    "category": "Pastrami",
    "order_counts": 8,
    "created_at": "2022-04-26T09:16:43Z",
    "rating": 0.1,
    "rating_count": 32,
    "sku": "CPK"
  },
  {
    "id": 79,
    "name": "Coconut - Shredded, Unsweet",
    "description": "Nondisp My of coracoid process, left shoulder, init",
    "price": 41,
    "stock": 25,
    "category": "Oven Mitts - 15 Inch",
    "order_counts": 29,
    "created_at": "2022-07-24T22:07:19Z",
    "rating": 4.52,
    "rating_count": 65,
    "sku": "SRRA"
  },
  {
    "id": 80,
    "name": "Skirt - 24 Foot",
    "description": "Personal history of other malignant neoplasm of stomach",
    "price": 58,
    "stock": 20,
    "category": "Steampan - Lid For Half Size",
    "order_counts": 7,
    "created_at": "2022-05-08T15:09:55Z",
    "rating": 3.44,
    "rating_count": 11,
    "sku": "HIMX"
  },
  {
    "id": 81,
    "name": "Plums - Red",
    "description": "Legal intervention involving other sharp objects",
    "price": 131,
    "stock": 13,
    "category": "Flavouring - Orange",
    "order_counts": 54,
    "created_at": "2022-05-01T00:55:43Z",
    "rating": 4.42,
    "rating_count": 72,
    "sku": "UTMD"
  },
  {
    "id": 82,
    "name": "Wine - Chianti Classico Riserva",
    "description": "Neoplasm of uncertain behavior of spinal cord",
    "price": 112,
    "stock": 15,
    "category": "Lamb - Shanks",
    "order_counts": 51,
    "created_at": "2023-03-27T10:12:39Z",
    "rating": 1.11,
    "rating_count": 47,
    "sku": "SNR"
  },
  {
    "id": 83,
    "name": "Oil - Shortening - All - Purpose",
    "description": "Partial traumatic amp of right hand at wrist level, subs",
    "price": 23,
    "stock": 87,
    "category": "Potatoes - Idaho 100 Count",
    "order_counts": 13,
    "created_at": "2022-07-18T12:16:41Z",
    "rating": 0.46,
    "rating_count": 81,
    "sku": "PY"
  },
  {
    "id": 84,
    "name": "Mushroom - Shitake, Dry",
    "description": "Unsp traum displ spondylolysis of 5th cervcal vert, 7thK",
    "price": 52,
    "stock": 36,
    "category": "Turkey - Breast, Double",
    "order_counts": 33,
    "created_at": "2023-03-28T02:30:21Z",
    "rating": 3.48,
    "rating_count": 64,
    "sku": "CBA           "
  },
  {
    "id": 85,
    "name": "Quail Eggs - Canned",
    "description": "Other physeal fracture of lower end of left fibula",
    "price": 72,
    "stock": 41,
    "category": "Foam Tray S2",
    "order_counts": 68,
    "created_at": "2023-03-31T14:42:03Z",
    "rating": 3.98,
    "rating_count": 3,
    "sku": "RMCF"
  },
  {
    "id": 86,
    "name": "Sugar - Fine",
    "description": "External constriction of unspecified parts of thorax",
    "price": 69,
    "stock": 18,
    "category": "Oil - Coconut",
    "order_counts": 50,
    "created_at": "2023-04-08T21:22:36Z",
    "rating": 4.94,
    "rating_count": 23,
    "sku": "MED"
  },
  {
    "id": 87,
    "name": "Pasta - Fettuccine, Dry",
    "description": "Other congenital valgus deformities of feet",
    "price": 10,
    "stock": 21,
    "category": "Cheese - Parmigiano Reggiano",
    "order_counts": 80,
    "created_at": "2023-04-15T23:49:35Z",
    "rating": 2.82,
    "rating_count": 96,
    "sku": "PSA^E"
  },
  {
    "id": 88,
    "name": "Wine - Chenin Blanc K.w.v.",
    "description": "Oth comp specific to multiple gest, unsp trimester, fetus 4",
    "price": 40,
    "stock": 80,
    "category": "Pork - Loin, Boneless",
    "order_counts": 3,
    "created_at": "2022-07-25T06:27:25Z",
    "rating": 3.44,
    "rating_count": 83,
    "sku": "CUBE"
  },
  {
    "id": 89,
    "name": "Broom - Angled",
    "description": "Strain musc/tend the rotator cuff of unsp shoulder, sequela",
    "price": 28,
    "stock": 91,
    "category": "Anchovy In Oil",
    "order_counts": 56,
    "created_at": "2022-07-01T06:53:54Z",
    "rating": 1.35,
    "rating_count": 58,
    "sku": "PIZ"
  },
  {
    "id": 90,
    "name": "Sole - Iqf",
    "description": "Driver of bus injured in clsn w pedl cyc in traf, sequela",
    "price": 33,
    "stock": 26,
    "category": "Broom - Corn",
    "order_counts": 64,
    "created_at": "2023-01-06T13:13:57Z",
    "rating": 2.87,
    "rating_count": 21,
    "sku": "CFBI"
  },
  {
    "id": 91,
    "name": "Garlic - Elephant",
    "description": "Occup of hv veh injured in collision w hv veh nontraf",
    "price": 17,
    "stock": 27,
    "category": "Island Oasis - Ice Cream Mix",
    "order_counts": 70,
    "created_at": "2022-09-18T14:59:09Z",
    "rating": 3.89,
    "rating_count": 18,
    "sku": "TCRX"
  },
  {
    "id": 92,
    "name": "Wine - Semi Dry Riesling Vineland",
    "description": "Unspecified open wound of other part of head, subs encntr",
    "price": 128,
    "stock": 50,
    "category": "Nut - Walnut, Pieces",
    "order_counts": 53,
    "created_at": "2022-05-21T20:23:58Z",
    "rating": 0.7,
    "rating_count": 89,
    "sku": "GILD"
  },
  {
    "id": 93,
    "name": "Juice - Orange, Concentrate",
    "description": "Superficial frostbite of toe(s)",
    "price": 38,
    "stock": 67,
    "category": "Beef Cheek Fresh",
    "order_counts": 68,
    "created_at": "2023-01-01T11:50:35Z",
    "rating": 3.39,
    "rating_count": 57,
    "sku": "WHLM"
  },
  {
    "id": 94,
    "name": "Bread - Roll, Whole Wheat",
    "description": "Frostbite w tissue necrosis of left hip and thigh, init",
    "price": 40,
    "stock": 91,
    "category": "Beef - Tender Tips",
    "order_counts": 5,
    "created_at": "2022-12-21T03:43:22Z",
    "rating": 5.0,
    "rating_count": 96,
    "sku": "PH"
  },
  {
    "id": 95,
    "name": "Melon - Watermelon Yellow",
    "description": "Blister (nonthermal) of unsp back wall of thorax, sequela",
    "price": 11,
    "stock": 52,
    "category": "Mayonnaise",
    "order_counts": 44,
    "created_at": "2022-11-14T21:22:18Z",
    "rating": 2.79,
    "rating_count": 49,
    "sku": "IBTX"
  },
  {
    "id": 96,
    "name": "Muffin - Mix - Mango Sour Cherry",
    "description": "Minor contusion of kidney",
    "price": 10,
    "stock": 78,
    "category": "Rabbit - Whole",
    "order_counts": 41,
    "created_at": "2022-07-19T01:51:17Z",
    "rating": 3.22,
    "rating_count": 55,
    "sku": "ADNT"
  },
  {
    "id": 97,
    "name": "Soup - French Can Pea",
    "description": "Insect bite (nonvenomous) of unsp part of head, sequela",
    "price": 149,
    "stock": 34,
    "category": "Magnotta - Bel Paese White",
    "order_counts": 1,
    "created_at": "2022-09-14T05:43:04Z",
    "rating": 0.17,
    "rating_count": 55,
    "sku": "ATU"
  },
  {
    "id": 98,
    "name": "Bread Sour Rolls",
    "description": "Intermittent hydrarthrosis, multiple sites",
    "price": 11,
    "stock": 35,
    "category": "Beer - Heinekin",
    "order_counts": 18,
    "created_at": "2023-04-09T21:09:39Z",
    "rating": 4.06,
    "rating_count": 65,
    "sku": "WAC"
  },
  {
    "id": 99,
    "name": "Soup - Campbells Beef Stew",
    "description": "Superficial foreign body of left ear",
    "price": 40,
    "stock": 4,
    "category": "Shallots",
    "order_counts": 74,
    "created_at": "2022-11-02T01:10:41Z",
    "rating": 2.83,
    "rating_count": 68,
    "sku": "VAC"
  },
  {
    "id": 100,
    "name": "Puff Pastry - Sheets",
    "description": "Nondisp suprcndl My w/o intrcndl extn low end l femr, 7thC",
    "price": 69,
    "stock": 29,
    "category": "Bread - Olive Dinner Roll",
    "order_counts": 33,
    "created_at": "2022-10-25T14:07:04Z",
    "rating": 4.07,
    "rating_count": 87,
    "sku": "NNI"
  },
  {
    "id": 101,
    "name": "V8 Splash Strawberry Banana",
    "description": "Personal history of malignant neoplasm, unspecified",
    "price": 112,
    "stock": 19,
    "category": "Appetizer - Assorted Box",
    "order_counts": 56,
    "created_at": "2022-12-12T07:28:11Z",
    "rating": 4.29,
    "rating_count": 100,
    "sku": "NOM"
  },
  {
    "id": 102,
    "name": "Beef - Cow Feet Split",
    "description": "Corrosion of unsp degree of back of left hand, init encntr",
    "price": 32,
    "stock": 5,
    "category": "Campari",
    "order_counts": 50,
    "created_at": "2022-05-18T02:34:25Z",
    "rating": 1.57,
    "rating_count": 2,
    "sku": "SEE"
  },
  {
    "id": 103,
    "name": "Sauerkraut",
    "description": "Other specified injury of left middle and inner ear",
    "price": 19,
    "stock": 14,
    "category": "Muffin - Blueberry Individual",
    "order_counts": 78,
    "created_at": "2022-06-05T22:25:16Z",
    "rating": 1.04,
    "rating_count": 99,
    "sku": "BBL"
  },
  {
    "id": 104,
    "name": "Bread - Roll, Canadian Dinner",
    "description": "Struck by hockey stick",
    "price": 21,
    "stock": 73,
    "category": "Crab - Claws, Snow 16 - 24",
    "order_counts": 55,
    "created_at": "2022-07-02T17:53:52Z",
    "rating": 3.1,
    "rating_count": 11,
    "sku": "DYN.WS.A"
  },
  {
    "id": 105,
    "name": "Corn - Cream, Canned",
    "description": "Aphonia",
    "price": 62,
    "stock": 12,
    "category": "Island Oasis - Lemonade",
    "order_counts": 32,
    "created_at": "2023-04-23T04:24:49Z",
    "rating": 2.65,
    "rating_count": 43,
    "sku": "MTB^"
  },
  {
    "id": 106,
    "name": "Pork - Belly Fresh",
    "description": "Milt op involving unintent restrict of air/airwy, civilian",
    "price": 85,
    "stock": 74,
    "category": "Steampan Lid",
    "order_counts": 71,
    "created_at": "2023-02-20T11:16:32Z",
    "rating": 0.08,
    "rating_count": 29,
    "sku": "JBK"
  },
  {
    "id": 107,
    "name": "Whmis Spray Bottle Graduated",
    "description": "End stage renal disease",
    "price": 39,
    "stock": 69,
    "category": "Calypso - Pineapple Passion",
    "order_counts": 13,
    "created_at": "2022-06-24T23:22:37Z",
    "rating": 2.7,
    "rating_count": 79,
    "sku": "ES"
  },
  {
    "id": 108,
    "name": "Bread - Roll, Soft White Round",
    "description": "Obturator dislocation of right hip",
    "price": 146,
    "stock": 37,
    "category": "Cake - Cheese Cake 9 Inch",
    "order_counts": 16,
    "created_at": "2023-02-14T11:15:07Z",
    "rating": 2.17,
    "rating_count": 6,
    "sku": "GCP"
  },
  {
    "id": 109,
    "name": "Ginsing - Fresh",
    "description": "Nondisplaced fracture of body of scapula, left shoulder",
    "price": 111,
    "stock": 82,
    "category": "Muffin Batt - Blueberry Passion",
    "order_counts": 32,
    "created_at": "2023-01-22T12:35:20Z",
    "rating": 1.22,
    "rating_count": 92,
    "sku": "SUN"
  },
  {
    "id": 110,
    "name": "Table Cloth 81x81 Colour",
    "description": "Obsessive-compulsive disorder",
    "price": 46,
    "stock": 77,
    "category": "Beer - Guiness",
    "order_counts": 6,
    "created_at": "2023-01-13T16:07:33Z",
    "rating": 1.6,
    "rating_count": 25,
    "sku": "VNTV"
  },
  {
    "id": 111,
    "name": "Cheese - Grana Padano",
    "description": "Traum hemor left cerebrum w/o loss of consciousness, init",
    "price": 14,
    "stock": 70,
    "category": "Dry Ice",
    "order_counts": 30,
    "created_at": "2022-08-23T07:04:41Z",
    "rating": 3.89,
    "rating_count": 83,
    "sku": "BAC^E"
  },
  {
    "id": 112,
    "name": "Pastry - Cheese Baked Scones",
    "description": "Disp My of greater trochanter of r femr, 7thQ",
    "price": 21,
    "stock": 26,
    "category": "The Pop Shoppe Pinapple",
    "order_counts": 47,
    "created_at": "2022-05-09T11:12:58Z",
    "rating": 1.96,
    "rating_count": 15,
    "sku": "NVUS"
  },
  {
    "id": 113,
    "name": "Crab - Meat",
    "description": "Contus/lac/hem crblm w LOC >24 hr w ret consc lev, init",
    "price": 125,
    "stock": 86,
    "category": "Onions Granulated",
    "order_counts": 18,
    "created_at": "2023-04-01T02:23:01Z",
    "rating": 3.96,
    "rating_count": 67,
    "sku": "YUME"
  },
  {
    "id": 114,
    "name": "Wine - White, Lindemans Bin 95",
    "description": "Weeks of gestation of pregnancy, unsp or less than 10 weeks",
    "price": 150,
    "stock": 33,
    "category": "Pork - Ground",
    "order_counts": 19,
    "created_at": "2022-10-12T05:58:14Z",
    "rating": 0.11,
    "rating_count": 14,
    "sku": "CTMX"
  },
  {
    "id": 115,
    "name": "Stock - Fish",
    "description": "Sltr-haris Type IV physl My upr end r tibia, 7thD",
    "price": 58,
    "stock": 79,
    "category": "Bread Base - Gold Formel",
    "order_counts": 66,
    "created_at": "2022-04-11T18:18:45Z",
    "rating": 3.37,
    "rating_count": 8,
    "sku": "IBA"
  },
  {
    "id": 116,
    "name": "Eggplant - Baby",
    "description": "Lordosis, unspecified, lumbosacral region",
    "price": 96,
    "stock": 76,
    "category": "Puree - Mocha",
    "order_counts": 44,
    "created_at": "2023-02-25T06:24:44Z",
    "rating": 0.05,
    "rating_count": 14,
    "sku": "ABCD"
  },
  {
    "id": 117,
    "name": "Galliano",
    "description": "Disorder of phosphorus metabolism, unspecified",
    "price": 115,
    "stock": 3,
    "category": "Longan",
    "order_counts": 73,
    "created_at": "2023-03-13T22:43:46Z",
    "rating": 2.67,
    "rating_count": 6,
    "sku": "TENX"
  },
  {
    "id": 118,
    "name": "Stock - Fish",
    "description": "Dislocation of metacarpophalangeal joint of oth finger, subs",
    "price": 16,
    "stock": 2,
    "category": "Tray - 12in Rnd Blk",
    "order_counts": 44,
    "created_at": "2022-11-24T08:10:27Z",
    "rating": 0.43,
    "rating_count": 63,
    "sku": "TVTY"
  },
  {
    "id": 119,
    "name": "Sour Puss Sour Apple",
    "description": "Athscl unsp type bypass graft(s) of extremity w ulceration",
    "price": 121,
    "stock": 3,
    "category": "Foie Gras",
    "order_counts": 23,
    "created_at": "2022-11-18T06:10:22Z",
    "rating": 4.52,
    "rating_count": 74,
    "sku": "ELU"
  },
  {
    "id": 120,
    "name": "Bouillion - Fish",
    "description": "Opioid use, unsp w opioid-induc psych disorder w hallucin",
    "price": 95,
    "stock": 21,
    "category": "Longos - Penne With Pesto",
    "order_counts": 55,
    "created_at": "2023-04-10T08:15:43Z",
    "rating": 2.24,
    "rating_count": 45,
    "sku": "BOMN"
  },
  {
    "id": 121,
    "name": "Compound - Strawberry",
    "description": "Unsp degenerative and vascular disorders of unspecified ear",
    "price": 10,
    "stock": 23,
    "category": "Pasta - Fusili, Dry",
    "order_counts": 58,
    "created_at": "2022-05-18T17:18:16Z",
    "rating": 3.06,
    "rating_count": 6,
    "sku": "NKSH"
  },
  {
    "id": 122,
    "name": "Turkey Leg With Drum And Thigh",
    "description": "Posterior dislocation of acromioclavicular joint",
    "price": 21,
    "stock": 21,
    "category": "Pork - Bacon,back Peameal",
    "order_counts": 15,
    "created_at": "2022-10-20T08:26:00Z",
    "rating": 0.05,
    "rating_count": 12,
    "sku": "CUI"
  },
  {
    "id": 123,
    "name": "Bar Nature Valley",
    "description": "Toxic effect of carb monx from oth source, undetermined",
    "price": 28,
    "stock": 33,
    "category": "Artichoke - Bottom, Canned",
    "order_counts": 5,
    "created_at": "2022-08-08T14:27:55Z",
    "rating": 0.47,
    "rating_count": 70,
    "sku": "FNY"
  },
  {
    "id": 124,
    "name": "Soda Water - Club Soda, 355 Ml",
    "description": "Muscle wasting and atrophy, NEC, upper arm",
    "price": 150,
    "stock": 89,
    "category": "Napkin - Dinner, White",
    "order_counts": 32,
    "created_at": "2022-06-07T06:26:33Z",
    "rating": 3.85,
    "rating_count": 86,
    "sku": "CRAI"
  },
  {
    "id": 125,
    "name": "Olives - Stuffed",
    "description": "Displaced associated transv/post My right acetabulum, init",
    "price": 135,
    "stock": 56,
    "category": "Wine - Ej Gallo Sonoma",
    "order_counts": 37,
    "created_at": "2023-04-08T03:19:13Z",
    "rating": 2.78,
    "rating_count": 60,
    "sku": "RDHL"
  },
  {
    "id": 126,
    "name": "Bread - Ciabatta Buns",
    "description": "Sprain of unsp collateral ligament of unspecified knee",
    "price": 44,
    "stock": 96,
    "category": "Chicken - Base, Ultimate",
    "order_counts": 25,
    "created_at": "2022-08-11T01:41:39Z",
    "rating": 2.2,
    "rating_count": 60,
    "sku": "PJH"
  },
  {
    "id": 127,
    "name": "Carbonated Water - Wildberry",
    "description": "Unspecified otosclerosis, unspecified ear",
    "price": 81,
    "stock": 97,
    "category": "Squash - Guords",
    "order_counts": 45,
    "created_at": "2022-06-03T07:02:20Z",
    "rating": 2.56,
    "rating_count": 83,
    "sku": "ARR"
  },
  {
    "id": 128,
    "name": "Veal - Chops, Split, Frenched",
    "description": "Drown due to fall/jump fr crushed canoe or kayak, sequela",
    "price": 80,
    "stock": 39,
    "category": "Table Cloth 120 Round White",
    "order_counts": 76,
    "created_at": "2022-10-22T03:11:05Z",
    "rating": 4.9,
    "rating_count": 14,
    "sku": "SYY"
  },
  {
    "id": 129,
    "name": "Goldschalger",
    "description": "Nondisp subtrochnt My r femr, 7thM",
    "price": 77,
    "stock": 32,
    "category": "Clams - Bay",
    "order_counts": 36,
    "created_at": "2023-04-12T08:12:43Z",
    "rating": 0.9,
    "rating_count": 77,
    "sku": "ACIA"
  },
  {
    "id": 130,
    "name": "Flavouring - Rum",
    "description": "Pre-exist hyp heart disease comp pregnancy, first trimester",
    "price": 115,
    "stock": 85,
    "category": "Marzipan 50/50",
    "order_counts": 47,
    "created_at": "2022-11-22T16:45:55Z",
    "rating": 3.66,
    "rating_count": 81,
    "sku": "EEA"
  },
  {
    "id": 131,
    "name": "Thyme - Lemon, Fresh",
    "description": "Inj conjunctiva and corneal abras w/o fb, unsp eye, sequela",
    "price": 88,
    "stock": 26,
    "category": "Cocoa Feuilletine",
    "order_counts": 43,
    "created_at": "2022-08-02T17:16:08Z",
    "rating": 0.67,
    "rating_count": 36,
    "sku": "WNRL"
  },
  {
    "id": 132,
    "name": "Onions - Cooking",
    "description": "Fracture of anterior column [iliopubic] of acetabulum",
    "price": 18,
    "stock": 55,
    "category": "Bread Base - Goodhearth",
    "order_counts": 13,
    "created_at": "2022-07-19T09:44:32Z",
    "rating": 4.53,
    "rating_count": 14,
    "sku": "HMLP"
  },
  {
    "id": 133,
    "name": "Ecolab - Mikroklene 4/4 L",
    "description": "Unsp intracranial injury w LOC of 31-59 min, sequela",
    "price": 52,
    "stock": 30,
    "category": "Squid - Tubes / Tenticles 10/20",
    "order_counts": 39,
    "created_at": "2023-04-01T20:27:13Z",
    "rating": 2.83,
    "rating_count": 81,
    "sku": "DMTX"
  },
  {
    "id": 134,
    "name": "Gatorade - Fruit Punch",
    "description": "Toxic effect of nitrogen oxides",
    "price": 17,
    "stock": 75,
    "category": "Cheese - Grana Padano",
    "order_counts": 40,
    "created_at": "2022-04-26T14:00:19Z",
    "rating": 4.01,
    "rating_count": 48,
    "sku": "TDW"
  },
  {
    "id": 135,
    "name": "Beef - Striploin Aa",
    "description": "Displacement of other bone devices, implants and grafts",
    "price": 140,
    "stock": 30,
    "category": "Appetizer - Mushroom Tart",
    "order_counts": 12,
    "created_at": "2023-03-01T08:03:41Z",
    "rating": 0.66,
    "rating_count": 38,
    "sku": "ALR^B"
  },
  {
    "id": 136,
    "name": "Nut - Hazelnut, Whole",
    "description": "Foreign body in right ear, initial encounter",
    "price": 124,
    "stock": 68,
    "category": "Tomatoes Tear Drop Yellow",
    "order_counts": 37,
    "created_at": "2022-10-04T22:24:47Z",
    "rating": 1.63,
    "rating_count": 64,
    "sku": "UCBI"
  },
  {
    "id": 137,
    "name": "Trout - Smoked",
    "description": "Fatigue My vert, lumbosacr region, subs for My w delay heal",
    "price": 26,
    "stock": 24,
    "category": "Wine - Shiraz South Eastern",
    "order_counts": 61,
    "created_at": "2022-12-28T14:27:08Z",
    "rating": 4.52,
    "rating_count": 40,
    "sku": "CSTR"
  },
  {
    "id": 138,
    "name": "Bread - Italian Sesame Poly",
    "description": "Machinery accident on board sailboat",
    "price": 40,
    "stock": 45,
    "category": "Lobster - Tail 6 Oz",
    "order_counts": 56,
    "created_at": "2023-03-27T11:02:07Z",
    "rating": 1.78,
    "rating_count": 10,
    "sku": "QRVO"
  },
  {
    "id": 139,
    "name": "Persimmons",
    "description": "Pain due to internal orthopedic prosth dev/grft, subs",
    "price": 94,
    "stock": 71,
    "category": "Soup - Campbells, Minestrone",
    "order_counts": 16,
    "created_at": "2022-12-11T16:22:26Z",
    "rating": 0.44,
    "rating_count": 30,
    "sku": "BOJA"
  },
  {
    "id": 140,
    "name": "Chicken - Bones",
    "description": "Poisoning by peripheral vasodilators, undetermined, sequela",
    "price": 67,
    "stock": 36,
    "category": "Wine - Magnotta - Cab Sauv",
    "order_counts": 1,
    "created_at": "2022-06-27T17:37:45Z",
    "rating": 3.92,
    "rating_count": 17,
    "sku": "DRAD"
  },
  {
    "id": 141,
    "name": "Appetizer - Assorted Box",
    "description": "Pnctr w/o foreign body of r mid finger w/o damage to nail",
    "price": 127,
    "stock": 17,
    "category": "Wine - Duboeuf Beaujolais",
    "order_counts": 9,
    "created_at": "2022-06-02T09:20:28Z",
    "rating": 1.88,
    "rating_count": 82,
    "sku": "CHCI"
  },
  {
    "id": 142,
    "name": "Wine - Chardonnay Mondavi",
    "description": "Torus My upper end of r fibula, subs for My w delay heal",
    "price": 57,
    "stock": 89,
    "category": "Beans - Black Bean, Dry",
    "order_counts": 52,
    "created_at": "2022-05-09T12:24:33Z",
    "rating": 4.94,
    "rating_count": 57,
    "sku": "GSIT"
  },
  {
    "id": 143,
    "name": "Muffin Puck Ww Carrot",
    "description": "Cyst of ora serrata",
    "price": 31,
    "stock": 28,
    "category": "Sauce - Apple, Unsweetened",
    "order_counts": 53,
    "created_at": "2022-04-07T09:45:10Z",
    "rating": 3.05,
    "rating_count": 36,
    "sku": "NYCB^A"
  },
  {
    "id": 144,
    "name": "Red Snapper - Fresh, Whole",
    "description": "Complete traum amp of two or more left lesser toes, sequela",
    "price": 112,
    "stock": 18,
    "category": "Broom - Corn",
    "order_counts": 26,
    "created_at": "2022-08-22T21:55:54Z",
    "rating": 4.33,
    "rating_count": 58,
    "sku": "TNDM"
  },
  {
    "id": 145,
    "name": "Soup - Knorr, Country Bean",
    "description": "Abrasion, right thigh, sequela",
    "price": 28,
    "stock": 42,
    "category": "Wine - Red, Wolf Blass, Yellow",
    "order_counts": 24,
    "created_at": "2023-02-20T18:37:05Z",
    "rating": 3.03,
    "rating_count": 25,
    "sku": "ISRL"
  },
  {
    "id": 146,
    "name": "Danishes - Mini Raspberry",
    "description": "Crush betw oth pwr wtrcrft & oth wtrcrft/obj d/t clsn, subs",
    "price": 129,
    "stock": 64,
    "category": "Sauce - Caesar Dressing",
    "order_counts": 4,
    "created_at": "2023-03-20T08:51:03Z",
    "rating": 2.32,
    "rating_count": 49,
    "sku": "SQ"
  },
  {
    "id": 147,
    "name": "Lemonade - Island Tea, 591 Ml",
    "description": "Poisoning by oth antipsychot/neurolept, undetermined",
    "price": 63,
    "stock": 56,
    "category": "Peppercorns - Pink",
    "order_counts": 10,
    "created_at": "2022-11-29T19:21:57Z",
    "rating": 0.07,
    "rating_count": 33,
    "sku": "NVLS"
  },
  {
    "id": 148,
    "name": "Pork - Kidney",
    "description": "Military op w oth effects of nuclear weapons, milt, sequela",
    "price": 10,
    "stock": 19,
    "category": "Squid Ink",
    "order_counts": 18,
    "created_at": "2023-02-22T19:20:28Z",
    "rating": 2.99,
    "rating_count": 79,
    "sku": "PRI"
  },
  {
    "id": 149,
    "name": "Mace Ground",
    "description": "Disp My of proximal phalanx of left thumb, init for opn My",
    "price": 49,
    "stock": 43,
    "category": "Honey - Lavender",
    "order_counts": 50,
    "created_at": "2022-08-17T11:05:59Z",
    "rating": 4.95,
    "rating_count": 43,
    "sku": "ABCD"
  },
  {
    "id": 150,
    "name": "Shortbread - Cookie Crumbs",
    "description": "Displ oblique My shaft of unsp rad, 7thK",
    "price": 42,
    "stock": 81,
    "category": "Cauliflower",
    "order_counts": 10,
    "created_at": "2022-12-03T14:54:08Z",
    "rating": 3.44,
    "rating_count": 58,
    "sku": "NM^H"
  }
]
