[
  {
    "appName": "Regrant",
    "tasks": 1,
    "comments": 487,
    "taskComplete": 0.1
  },
  {
    "appName": "Zamit",
    "tasks": 2,
    "comments": 450,
    "taskComplete": 0.2
  },
  {
    "appName": "Bytecard",
    "tasks": 3,
    "comments": 134,
    "taskComplete": 0.5
  },
  {
    "appName": "Tin",
    "tasks": 4,
    "comments": 111,
    "taskComplete": 0.6
  },
  {
    "appName": "Zaam-Dox",
    "tasks": 5,
    "comments": 332,
    "taskComplete": 0.1
  },
  {
    "appName": "Span",
    "tasks": 6,
    "comments": 150,
    "taskComplete": 0.9
  },
  {
    "appName": "Regrant",
    "tasks": 7,
    "comments": 173,
    "taskComplete": 0.3
  },
  {
    "appName": "Domainer",
    "tasks": 8,
    "comments": 134,
    "taskComplete": 0.1
  },
  {
    "appName": "Vagram",
    "tasks": 9,
    "comments": 454,
    "taskComplete": 0.6
  },
  {
    "appName": "Ronstring",
    "tasks": 10,
    "comments": 259,
    "taskComplete": 0.1
  },
  {
    "appName": "Konklux",
    "tasks": 11,
    "comments": 145,
    "taskComplete": 0.1
  },
  {
    "appName": "Tresom",
    "tasks": 12,
    "comments": 416,
    "taskComplete": 0.1
  },
  {
    "appName": "Transcof",
    "tasks": 13,
    "comments": 208,
    "taskComplete": 0.9
  },
  {
    "appName": "Hatity",
    "tasks": 14,
    "comments": 185,
    "taskComplete": 0.8
  },
  {
    "appName": "Treeflex",
    "tasks": 15,
    "comments": 101,
    "taskComplete": 0.8
  },
  {
    "appName": "Home Ing",
    "tasks": 16,
    "comments": 201,
    "taskComplete": 0.9
  },
  {
    "appName": "Asoka",
    "tasks": 17,
    "comments": 315,
    "taskComplete": 0.2
  },
  {
    "appName": "Tres-Zap",
    "tasks": 18,
    "comments": 489,
    "taskComplete": 0.4
  },
  {
    "appName": "Domainer",
    "tasks": 19,
    "comments": 351,
    "taskComplete": 0.0
  },
  {
    "appName": "Aerified",
    "tasks": 20,
    "comments": 304,
    "taskComplete": 0.1
  },
  {
    "appName": "Keylex",
    "tasks": 21,
    "comments": 321,
    "taskComplete": 0.6
  },
  {
    "appName": "Domainer",
    "tasks": 22,
    "comments": 444,
    "taskComplete": 0.6
  },
  {
    "appName": "Span",
    "tasks": 23,
    "comments": 358,
    "taskComplete": 0.5
  },
  {
    "appName": "Bigtax",
    "tasks": 24,
    "comments": 175,
    "taskComplete": 0.3
  },
  {
    "appName": "Keylex",
    "tasks": 25,
    "comments": 339,
    "taskComplete": 1.0
  },
  {
    "appName": "Solarbreeze",
    "tasks": 26,
    "comments": 200,
    "taskComplete": 0.7
  },
  {
    "appName": "Quo Lux",
    "tasks": 27,
    "comments": 243,
    "taskComplete": 0.7
  },
  {
    "appName": "Stim",
    "tasks": 28,
    "comments": 338,
    "taskComplete": 0.1
  },
  {
    "appName": "Matsoft",
    "tasks": 29,
    "comments": 331,
    "taskComplete": 0.0
  },
  {
    "appName": "Daltfresh",
    "tasks": 30,
    "comments": 299,
    "taskComplete": 0.6
  },
  {
    "appName": "Biodex",
    "tasks": 31,
    "comments": 380,
    "taskComplete": 0.9
  },
  {
    "appName": "Y-Solowarm",
    "tasks": 32,
    "comments": 282,
    "taskComplete": 0.5
  },
  {
    "appName": "Transcof",
    "tasks": 33,
    "comments": 272,
    "taskComplete": 0.2
  },
  {
    "appName": "Domainer",
    "tasks": 34,
    "comments": 131,
    "taskComplete": 0.6
  },
  {
    "appName": "Regrant",
    "tasks": 35,
    "comments": 126,
    "taskComplete": 0.9
  },
  {
    "appName": "Stringtough",
    "tasks": 36,
    "comments": 188,
    "taskComplete": 0.1
  },
  {
    "appName": "Alphazap",
    "tasks": 37,
    "comments": 255,
    "taskComplete": 0.3
  },
  {
    "appName": "Otcom",
    "tasks": 38,
    "comments": 497,
    "taskComplete": 0.3
  },
  {
    "appName": "Namfix",
    "tasks": 39,
    "comments": 482,
    "taskComplete": 0.9
  },
  {
    "appName": "Otcom",
    "tasks": 40,
    "comments": 410,
    "taskComplete": 0.9
  },
  {
    "appName": "Transcof",
    "tasks": 41,
    "comments": 308,
    "taskComplete": 0.9
  },
  {
    "appName": "Regrant",
    "tasks": 42,
    "comments": 496,
    "taskComplete": 0.2
  },
  {
    "appName": "Otcom",
    "tasks": 43,
    "comments": 372,
    "taskComplete": 0.5
  },
  {
    "appName": "Gembucket",
    "tasks": 44,
    "comments": 101,
    "taskComplete": 0.1
  },
  {
    "appName": "Latlux",
    "tasks": 45,
    "comments": 251,
    "taskComplete": 0.4
  },
  {
    "appName": "Rank",
    "tasks": 46,
    "comments": 433,
    "taskComplete": 0.4
  },
  {
    "appName": "Konklab",
    "tasks": 47,
    "comments": 467,
    "taskComplete": 0.5
  },
  {
    "appName": "Vagram",
    "tasks": 48,
    "comments": 477,
    "taskComplete": 0.9
  },
  {
    "appName": "Hatity",
    "tasks": 49,
    "comments": 336,
    "taskComplete": 0.8
  },
  {
    "appName": "Namfix",
    "tasks": 50,
    "comments": 459,
    "taskComplete": 0.6
  },
  {
    "appName": "Latlux",
    "tasks": 51,
    "comments": 130,
    "taskComplete": 0.9
  },
  {
    "appName": "Alphazap",
    "tasks": 52,
    "comments": 417,
    "taskComplete": 0.4
  },
  {
    "appName": "Toughjoyfax",
    "tasks": 53,
    "comments": 385,
    "taskComplete": 0.8
  },
  {
    "appName": "Keylex",
    "tasks": 54,
    "comments": 213,
    "taskComplete": 0.3
  },
  {
    "appName": "Cookley",
    "tasks": 55,
    "comments": 127,
    "taskComplete": 0.4
  },
  {
    "appName": "Stronghold",
    "tasks": 56,
    "comments": 355,
    "taskComplete": 0.7
  },
  {
    "appName": "Toughjoyfax",
    "tasks": 57,
    "comments": 141,
    "taskComplete": 0.5
  },
  {
    "appName": "Gembucket",
    "tasks": 58,
    "comments": 457,
    "taskComplete": 0.9
  },
  {
    "appName": "Temp",
    "tasks": 59,
    "comments": 143,
    "taskComplete": 0.0
  },
  {
    "appName": "Tres-Zap",
    "tasks": 60,
    "comments": 490,
    "taskComplete": 0.5
  },
  {
    "appName": "Alpha",
    "tasks": 61,
    "comments": 427,
    "taskComplete": 0.9
  },
  {
    "appName": "Mat Lam Tam",
    "tasks": 62,
    "comments": 212,
    "taskComplete": 0.1
  },
  {
    "appName": "Span",
    "tasks": 63,
    "comments": 232,
    "taskComplete": 0.6
  },
  {
    "appName": "Zontrax",
    "tasks": 64,
    "comments": 412,
    "taskComplete": 0.1
  },
  {
    "appName": "Pannier",
    "tasks": 65,
    "comments": 226,
    "taskComplete": 0.6
  },
  {
    "appName": "Alpha",
    "tasks": 66,
    "comments": 483,
    "taskComplete": 0.3
  },
  {
    "appName": "Redhold",
    "tasks": 67,
    "comments": 273,
    "taskComplete": 0.7
  },
  {
    "appName": "Sonsing",
    "tasks": 68,
    "comments": 247,
    "taskComplete": 0.5
  },
  {
    "appName": "Zathin",
    "tasks": 69,
    "comments": 210,
    "taskComplete": 0.2
  },
  {
    "appName": "Fix San",
    "tasks": 70,
    "comments": 465,
    "taskComplete": 0.4
  },
  {
    "appName": "Veribet",
    "tasks": 71,
    "comments": 460,
    "taskComplete": 1.0
  },
  {
    "appName": "Rank",
    "tasks": 72,
    "comments": 429,
    "taskComplete": 0.1
  },
  {
    "appName": "Fixflex",
    "tasks": 73,
    "comments": 310,
    "taskComplete": 0.5
  },
  {
    "appName": "Lotlux",
    "tasks": 74,
    "comments": 479,
    "taskComplete": 0.4
  },
  {
    "appName": "Duobam",
    "tasks": 75,
    "comments": 212,
    "taskComplete": 0.4
  },
  {
    "appName": "Sonsing",
    "tasks": 76,
    "comments": 212,
    "taskComplete": 0.7
  },
  {
    "appName": "Flexidy",
    "tasks": 77,
    "comments": 341,
    "taskComplete": 0.7
  },
  {
    "appName": "Zontrax",
    "tasks": 78,
    "comments": 347,
    "taskComplete": 0.2
  },
  {
    "appName": "Zathin",
    "tasks": 79,
    "comments": 375,
    "taskComplete": 0.0
  },
  {
    "appName": "Treeflex",
    "tasks": 80,
    "comments": 336,
    "taskComplete": 0.2
  },
  {
    "appName": "Flowdesk",
    "tasks": 81,
    "comments": 246,
    "taskComplete": 0.7
  },
  {
    "appName": "Zoolab",
    "tasks": 82,
    "comments": 404,
    "taskComplete": 0.6
  },
  {
    "appName": "Fixflex",
    "tasks": 83,
    "comments": 358,
    "taskComplete": 0.8
  },
  {
    "appName": "Subin",
    "tasks": 84,
    "comments": 379,
    "taskComplete": 0.6
  },
  {
    "appName": "Y-Solowarm",
    "tasks": 85,
    "comments": 412,
    "taskComplete": 0.5
  },
  {
    "appName": "Namfix",
    "tasks": 86,
    "comments": 468,
    "taskComplete": 1.0
  },
  {
    "appName": "Regrant",
    "tasks": 87,
    "comments": 173,
    "taskComplete": 0.3
  },
  {
    "appName": "Zathin",
    "tasks": 88,
    "comments": 223,
    "taskComplete": 0.9
  },
  {
    "appName": "Home Ing",
    "tasks": 89,
    "comments": 370,
    "taskComplete": 0.2
  },
  {
    "appName": "Prodder",
    "tasks": 90,
    "comments": 121,
    "taskComplete": 0.3
  },
  {
    "appName": "Keylex",
    "tasks": 91,
    "comments": 127,
    "taskComplete": 0.5
  },
  {
    "appName": "Tresom",
    "tasks": 92,
    "comments": 421,
    "taskComplete": 0.3
  },
  {
    "appName": "Ronstring",
    "tasks": 93,
    "comments": 141,
    "taskComplete": 0.2
  },
  {
    "appName": "Domainer",
    "tasks": 94,
    "comments": 359,
    "taskComplete": 0.1
  },
  {
    "appName": "Alphazap",
    "tasks": 95,
    "comments": 472,
    "taskComplete": 0.7
  },
  {
    "appName": "Tin",
    "tasks": 96,
    "comments": 307,
    "taskComplete": 0.7
  },
  {
    "appName": "Lotlux",
    "tasks": 97,
    "comments": 444,
    "taskComplete": 0.8
  },
  {
    "appName": "Lotlux",
    "tasks": 98,
    "comments": 472,
    "taskComplete": 0.5
  },
  {
    "appName": "Flexidy",
    "tasks": 99,
    "comments": 301,
    "taskComplete": 0.8
  },
  {
    "appName": "Bitchip",
    "tasks": 100,
    "comments": 197,
    "taskComplete": 0.5
  }
]